index,label,snr_db,channel,modulation,seed
0,1,-20,awgn,qpsk,42000126
1,1,-20,awgn,16qam,42000127
2,1,-20,awgn,bpsk,42000128
3,1,-20,awgn,16qam,42000129
4,1,-20,awgn,qpsk,42000130
5,1,-20,awgn,16qam,42000131
6,1,-20,awgn,qpsk,42000132
7,1,-20,awgn,qpsk,42000133
8,1,-20,awgn,bpsk,42000134
9,1,-20,awgn,16qam,42000135
10,1,-20,awgn,qpsk,42000136
11,1,-20,awgn,bpsk,42000137
12,1,-20,awgn,qpsk,42000138
13,1,-20,awgn,bpsk,42000139
14,1,-20,awgn,bpsk,42000140
15,1,-20,awgn,bpsk,42000141
16,1,-20,awgn,qpsk,42000142
17,1,-20,awgn,16qam,42000143
18,1,-20,awgn,16qam,42000144
19,1,-20,awgn,bpsk,42000145
20,1,-20,awgn,16qam,42000146
21,1,-20,awgn,qpsk,42000147
22,1,-20,awgn,16qam,42000148
23,1,-20,awgn,qpsk,42000149
24,1,-20,awgn,16qam,42000150
25,1,-20,awgn,16qam,42000151
26,1,-20,awgn,16qam,42000152
27,1,-20,awgn,qpsk,42000153
28,1,-20,awgn,bpsk,42000154
29,1,-20,awgn,16qam,42000155
30,1,-20,awgn,qpsk,42000156
31,1,-20,awgn,qpsk,42000157
32,1,-20,awgn,qpsk,42000158
33,1,-20,awgn,16qam,42000159
34,1,-20,awgn,qpsk,42000160
35,1,-20,awgn,qpsk,42000161
36,1,-20,awgn,qpsk,42000162
37,1,-20,awgn,bpsk,42000163
38,1,-20,awgn,bpsk,42000164
39,1,-20,awgn,16qam,42000165
40,1,-20,awgn,16qam,42000166
41,1,-20,awgn,bpsk,42000167
42,1,-20,awgn,16qam,42000168
43,1,-20,awgn,qpsk,42000169
44,1,-20,awgn,bpsk,42000170
45,1,-20,awgn,16qam,42000171
46,1,-20,awgn,16qam,42000172
47,1,-20,awgn,16qam,42000173
48,1,-20,awgn,qpsk,42000174
49,1,-20,awgn,16qam,42000175
50,1,-20,awgn,bpsk,42000176
51,1,-20,awgn,16qam,42000177
52,1,-20,awgn,16qam,42000178
53,1,-20,awgn,qpsk,42000179
54,1,-20,awgn,qpsk,42000180
55,1,-20,awgn,bpsk,42000181
56,1,-20,awgn,qpsk,42000182
57,1,-20,awgn,qpsk,42000183
58,1,-20,awgn,qpsk,42000184
59,1,-20,awgn,16qam,42000185
60,1,-20,awgn,16qam,42000186
61,1,-20,awgn,bpsk,42000187
62,1,-20,awgn,16qam,42000188
63,1,-20,awgn,bpsk,42000189
64,1,-20,awgn,qpsk,42000190
65,1,-20,awgn,qpsk,42000191
66,1,-20,awgn,16qam,42000192
67,1,-20,awgn,16qam,42000193
68,1,-20,awgn,bpsk,42000194
69,1,-20,awgn,bpsk,42000195
70,1,-20,awgn,bpsk,42000196
71,1,-20,awgn,16qam,42000197
72,1,-20,awgn,bpsk,42000198
73,1,-20,awgn,16qam,42000199
74,1,-20,awgn,qpsk,42000200
75,1,-20,awgn,qpsk,42000201
76,1,-20,awgn,bpsk,42000202
77,1,-20,awgn,16qam,42000203
78,1,-20,awgn,bpsk,42000204
79,1,-20,awgn,16qam,42000205
80,1,-20,awgn,16qam,42000206
81,1,-20,awgn,qpsk,42000207
82,1,-20,awgn,qpsk,42000208
83,1,-20,awgn,qpsk,42000209
84,1,-20,awgn,bpsk,42000210
85,1,-20,awgn,qpsk,42000211
86,1,-20,awgn,16qam,42000212
87,1,-20,awgn,qpsk,42000213
88,1,-20,awgn,qpsk,42000214
89,1,-20,awgn,bpsk,42000215
90,1,-20,awgn,16qam,42000216
91,1,-20,awgn,qpsk,42000217
92,1,-20,awgn,qpsk,42000218
93,1,-20,awgn,qpsk,42000219
94,1,-20,awgn,16qam,42000220
95,1,-20,awgn,qpsk,42000221
96,1,-20,awgn,qpsk,42000222
97,1,-20,awgn,bpsk,42000223
98,1,-20,awgn,bpsk,42000224
99,1,-20,awgn,16qam,42000225
100,1,-20,awgn,bpsk,42000226
101,1,-20,awgn,16qam,42000227
102,1,-20,awgn,bpsk,42000228
103,1,-20,awgn,16qam,42000229
104,1,-20,awgn,qpsk,42000230
105,1,-20,awgn,16qam,42000231
106,1,-20,awgn,16qam,42000232
107,1,-20,awgn,bpsk,42000233
108,1,-20,awgn,bpsk,42000234
109,1,-20,awgn,bpsk,42000235
110,1,-20,awgn,bpsk,42000236
111,1,-20,awgn,16qam,42000237
112,1,-20,awgn,bpsk,42000238
113,1,-20,awgn,16qam,42000239
114,1,-20,awgn,bpsk,42000240
115,1,-20,awgn,bpsk,42000241
116,1,-20,awgn,qpsk,42000242
117,1,-20,awgn,qpsk,42000243
118,1,-20,awgn,qpsk,42000244
119,1,-20,awgn,16qam,42000245
120,1,-20,awgn,qpsk,42000246
121,1,-20,awgn,bpsk,42000247
122,1,-20,awgn,bpsk,42000248
123,1,-20,awgn,16qam,42000249
124,1,-20,awgn,bpsk,42000250
125,1,-20,awgn,16qam,42000251
126,1,-20,awgn,qpsk,42000252
127,1,-20,awgn,bpsk,42000253
128,1,-20,awgn,qpsk,42000254
129,1,-20,awgn,bpsk,42000255
130,1,-20,awgn,bpsk,42000256
131,1,-20,awgn,qpsk,42000257
132,1,-20,awgn,bpsk,42000258
133,1,-20,awgn,bpsk,42000259
134,1,-20,awgn,bpsk,42000260
135,1,-20,awgn,qpsk,42000261
136,1,-20,awgn,bpsk,42000262
137,1,-20,awgn,16qam,42000263
138,1,-20,awgn,qpsk,42000264
139,1,-20,awgn,16qam,42000265
140,1,-20,awgn,16qam,42000266
141,1,-20,awgn,bpsk,42000267
142,1,-20,awgn,qpsk,42000268
143,1,-20,awgn,qpsk,42000269
144,1,-20,awgn,bpsk,42000270
145,1,-20,awgn,bpsk,42000271
146,1,-20,awgn,bpsk,42000272
147,1,-20,awgn,qpsk,42000273
148,1,-20,awgn,16qam,42000274
149,1,-20,awgn,16qam,42000275
150,1,-20,awgn,bpsk,42000276
151,1,-20,awgn,16qam,42000277
152,1,-20,awgn,16qam,42000278
153,1,-20,awgn,bpsk,42000279
154,1,-20,awgn,qpsk,42000280
155,1,-20,awgn,bpsk,42000281
156,1,-20,awgn,bpsk,42000282
157,1,-20,awgn,qpsk,42000283
158,1,-20,awgn,bpsk,42000284
159,1,-20,awgn,bpsk,42000285
160,1,-20,awgn,qpsk,42000286
161,1,-20,awgn,16qam,42000287
162,1,-20,awgn,bpsk,42000288
163,1,-20,awgn,16qam,42000289
164,1,-20,awgn,bpsk,42000290
165,1,-20,awgn,qpsk,42000291
166,1,-20,awgn,qpsk,42000292
167,1,-20,awgn,bpsk,42000293
168,1,-20,awgn,16qam,42000294
169,1,-20,awgn,16qam,42000295
170,1,-20,awgn,qpsk,42000296
171,1,-20,awgn,bpsk,42000297
172,1,-20,awgn,qpsk,42000298
173,1,-20,awgn,16qam,42000299
174,1,-20,awgn,qpsk,42000300
175,1,-20,awgn,16qam,42000301
176,1,-20,awgn,bpsk,42000302
177,1,-20,awgn,qpsk,42000303
178,1,-20,awgn,16qam,42000304
179,1,-20,awgn,qpsk,42000305
180,1,-20,awgn,16qam,42000306
181,1,-20,awgn,bpsk,42000307
182,1,-20,awgn,qpsk,42000308
183,1,-20,awgn,qpsk,42000309
184,1,-20,awgn,16qam,42000310
185,1,-20,awgn,16qam,42000311
186,1,-20,awgn,qpsk,42000312
187,1,-20,awgn,qpsk,42000313
188,1,-20,awgn,16qam,42000314
189,1,-20,awgn,bpsk,42000315
190,1,-20,awgn,bpsk,42000316
191,1,-20,awgn,16qam,42000317
192,1,-20,awgn,16qam,42000318
193,1,-20,awgn,qpsk,42000319
194,1,-20,awgn,bpsk,42000320
195,1,-20,awgn,qpsk,42000321
196,1,-20,awgn,qpsk,42000322
197,1,-20,awgn,16qam,42000323
198,1,-20,awgn,bpsk,42000324
199,1,-20,awgn,bpsk,42000325
200,0,-20,awgn,none,42000326
201,0,-20,awgn,none,42000327
202,0,-20,awgn,none,42000328
203,0,-20,awgn,none,42000329
204,0,-20,awgn,none,42000330
205,0,-20,awgn,none,42000331
206,0,-20,awgn,none,42000332
207,0,-20,awgn,none,42000333
208,0,-20,awgn,none,42000334
209,0,-20,awgn,none,42000335
210,0,-20,awgn,none,42000336
211,0,-20,awgn,none,42000337
212,0,-20,awgn,none,42000338
213,0,-20,awgn,none,42000339
214,0,-20,awgn,none,42000340
215,0,-20,awgn,none,42000341
216,0,-20,awgn,none,42000342
217,0,-20,awgn,none,42000343
218,0,-20,awgn,none,42000344
219,0,-20,awgn,none,42000345
220,0,-20,awgn,none,42000346
221,0,-20,awgn,none,42000347
222,0,-20,awgn,none,42000348
223,0,-20,awgn,none,42000349
224,0,-20,awgn,none,42000350
225,0,-20,awgn,none,42000351
226,0,-20,awgn,none,42000352
227,0,-20,awgn,none,42000353
228,0,-20,awgn,none,42000354
229,0,-20,awgn,none,42000355
230,0,-20,awgn,none,42000356
231,0,-20,awgn,none,42000357
232,0,-20,awgn,none,42000358
233,0,-20,awgn,none,42000359
234,0,-20,awgn,none,42000360
235,0,-20,awgn,none,42000361
236,0,-20,awgn,none,42000362
237,0,-20,awgn,none,42000363
238,0,-20,awgn,none,42000364
239,0,-20,awgn,none,42000365
240,0,-20,awgn,none,42000366
241,0,-20,awgn,none,42000367
242,0,-20,awgn,none,42000368
243,0,-20,awgn,none,42000369
244,0,-20,awgn,none,42000370
245,0,-20,awgn,none,42000371
246,0,-20,awgn,none,42000372
247,0,-20,awgn,none,42000373
248,0,-20,awgn,none,42000374
249,0,-20,awgn,none,42000375
250,0,-20,awgn,none,42000376
251,0,-20,awgn,none,42000377
252,0,-20,awgn,none,42000378
253,0,-20,awgn,none,42000379
254,0,-20,awgn,none,42000380
255,0,-20,awgn,none,42000381
256,0,-20,awgn,none,42000382
257,0,-20,awgn,none,42000383
258,0,-20,awgn,none,42000384
259,0,-20,awgn,none,42000385
260,0,-20,awgn,none,42000386
261,0,-20,awgn,none,42000387
262,0,-20,awgn,none,42000388
263,0,-20,awgn,none,42000389
264,0,-20,awgn,none,42000390
265,0,-20,awgn,none,42000391
266,0,-20,awgn,none,42000392
267,0,-20,awgn,none,42000393
268,0,-20,awgn,none,42000394
269,0,-20,awgn,none,42000395
270,0,-20,awgn,none,42000396
271,0,-20,awgn,none,42000397
272,0,-20,awgn,none,42000398
273,0,-20,awgn,none,42000399
274,0,-20,awgn,none,42000400
275,0,-20,awgn,none,42000401
276,0,-20,awgn,none,42000402
277,0,-20,awgn,none,42000403
278,0,-20,awgn,none,42000404
279,0,-20,awgn,none,42000405
280,0,-20,awgn,none,42000406
281,0,-20,awgn,none,42000407
282,0,-20,awgn,none,42000408
283,0,-20,awgn,none,42000409
284,0,-20,awgn,none,42000410
285,0,-20,awgn,none,42000411
286,0,-20,awgn,none,42000412
287,0,-20,awgn,none,42000413
288,0,-20,awgn,none,42000414
289,0,-20,awgn,none,42000415
290,0,-20,awgn,none,42000416
291,0,-20,awgn,none,42000417
292,0,-20,awgn,none,42000418
293,0,-20,awgn,none,42000419
294,0,-20,awgn,none,42000420
295,0,-20,awgn,none,42000421
296,0,-20,awgn,none,42000422
297,0,-20,awgn,none,42000423
298,0,-20,awgn,none,42000424
299,0,-20,awgn,none,42000425
300,0,-20,awgn,none,42000426
301,0,-20,awgn,none,42000427
302,0,-20,awgn,none,42000428
303,0,-20,awgn,none,42000429
304,0,-20,awgn,none,42000430
305,0,-20,awgn,none,42000431
306,0,-20,awgn,none,42000432
307,0,-20,awgn,none,42000433
308,0,-20,awgn,none,42000434
309,0,-20,awgn,none,42000435
310,0,-20,awgn,none,42000436
311,0,-20,awgn,none,42000437
312,0,-20,awgn,none,42000438
313,0,-20,awgn,none,42000439
314,0,-20,awgn,none,42000440
315,0,-20,awgn,none,42000441
316,0,-20,awgn,none,42000442
317,0,-20,awgn,none,42000443
318,0,-20,awgn,none,42000444
319,0,-20,awgn,none,42000445
320,0,-20,awgn,none,42000446
321,0,-20,awgn,none,42000447
322,0,-20,awgn,none,42000448
323,0,-20,awgn,none,42000449
324,0,-20,awgn,none,42000450
325,0,-20,awgn,none,42000451
326,0,-20,awgn,none,42000452
327,0,-20,awgn,none,42000453
328,0,-20,awgn,none,42000454
329,0,-20,awgn,none,42000455
330,0,-20,awgn,none,42000456
331,0,-20,awgn,none,42000457
332,0,-20,awgn,none,42000458
333,0,-20,awgn,none,42000459
334,0,-20,awgn,none,42000460
335,0,-20,awgn,none,42000461
336,0,-20,awgn,none,42000462
337,0,-20,awgn,none,42000463
338,0,-20,awgn,none,42000464
339,0,-20,awgn,none,42000465
340,0,-20,awgn,none,42000466
341,0,-20,awgn,none,42000467
342,0,-20,awgn,none,42000468
343,0,-20,awgn,none,42000469
344,0,-20,awgn,none,42000470
345,0,-20,awgn,none,42000471
346,0,-20,awgn,none,42000472
347,0,-20,awgn,none,42000473
348,0,-20,awgn,none,42000474
349,0,-20,awgn,none,42000475
350,0,-20,awgn,none,42000476
351,0,-20,awgn,none,42000477
352,0,-20,awgn,none,42000478
353,0,-20,awgn,none,42000479
354,0,-20,awgn,none,42000480
355,0,-20,awgn,none,42000481
356,0,-20,awgn,none,42000482
357,0,-20,awgn,none,42000483
358,0,-20,awgn,none,42000484
359,0,-20,awgn,none,42000485
360,0,-20,awgn,none,42000486
361,0,-20,awgn,none,42000487
362,0,-20,awgn,none,42000488
363,0,-20,awgn,none,42000489
364,0,-20,awgn,none,42000490
365,0,-20,awgn,none,42000491
366,0,-20,awgn,none,42000492
367,0,-20,awgn,none,42000493
368,0,-20,awgn,none,42000494
369,0,-20,awgn,none,42000495
370,0,-20,awgn,none,42000496
371,0,-20,awgn,none,42000497
372,0,-20,awgn,none,42000498
373,0,-20,awgn,none,42000499
374,0,-20,awgn,none,42000500
375,0,-20,awgn,none,42000501
376,0,-20,awgn,none,42000502
377,0,-20,awgn,none,42000503
378,0,-20,awgn,none,42000504
379,0,-20,awgn,none,42000505
380,0,-20,awgn,none,42000506
381,0,-20,awgn,none,42000507
382,0,-20,awgn,none,42000508
383,0,-20,awgn,none,42000509
384,0,-20,awgn,none,42000510
385,0,-20,awgn,none,42000511
386,0,-20,awgn,none,42000512
387,0,-20,awgn,none,42000513
388,0,-20,awgn,none,42000514
389,0,-20,awgn,none,42000515
390,0,-20,awgn,none,42000516
391,0,-20,awgn,none,42000517
392,0,-20,awgn,none,42000518
393,0,-20,awgn,none,42000519
394,0,-20,awgn,none,42000520
395,0,-20,awgn,none,42000521
396,0,-20,awgn,none,42000522
397,0,-20,awgn,none,42000523
398,0,-20,awgn,none,42000524
399,0,-20,awgn,none,42000525
400,1,-20,rayleigh,16qam,42000526
401,1,-20,rayleigh,qpsk,42000527
402,1,-20,rayleigh,bpsk,42000528
403,1,-20,rayleigh,16qam,42000529
404,1,-20,rayleigh,bpsk,42000530
405,1,-20,rayleigh,qpsk,42000531
406,1,-20,rayleigh,qpsk,42000532
407,1,-20,rayleigh,qpsk,42000533
408,1,-20,rayleigh,bpsk,42000534
409,1,-20,rayleigh,qpsk,42000535
410,1,-20,rayleigh,bpsk,42000536
411,1,-20,rayleigh,bpsk,42000537
412,1,-20,rayleigh,qpsk,42000538
413,1,-20,rayleigh,qpsk,42000539
414,1,-20,rayleigh,16qam,42000540
415,1,-20,rayleigh,16qam,42000541
416,1,-20,rayleigh,bpsk,42000542
417,1,-20,rayleigh,qpsk,42000543
418,1,-20,rayleigh,qpsk,42000544
419,1,-20,rayleigh,bpsk,42000545
420,1,-20,rayleigh,bpsk,42000546
421,1,-20,rayleigh,bpsk,42000547
422,1,-20,rayleigh,bpsk,42000548
423,1,-20,rayleigh,16qam,42000549
424,1,-20,rayleigh,qpsk,42000550
425,1,-20,rayleigh,bpsk,42000551
426,1,-20,rayleigh,16qam,42000552
427,1,-20,rayleigh,16qam,42000553
428,1,-20,rayleigh,bpsk,42000554
429,1,-20,rayleigh,bpsk,42000555
430,1,-20,rayleigh,qpsk,42000556
431,1,-20,rayleigh,16qam,42000557
432,1,-20,rayleigh,qpsk,42000558
433,1,-20,rayleigh,16qam,42000559
434,1,-20,rayleigh,bpsk,42000560
435,1,-20,rayleigh,qpsk,42000561
436,1,-20,rayleigh,qpsk,42000562
437,1,-20,rayleigh,qpsk,42000563
438,1,-20,rayleigh,16qam,42000564
439,1,-20,rayleigh,qpsk,42000565
440,1,-20,rayleigh,qpsk,42000566
441,1,-20,rayleigh,16qam,42000567
442,1,-20,rayleigh,16qam,42000568
443,1,-20,rayleigh,bpsk,42000569
444,1,-20,rayleigh,16qam,42000570
445,1,-20,rayleigh,bpsk,42000571
446,1,-20,rayleigh,qpsk,42000572
447,1,-20,rayleigh,qpsk,42000573
448,1,-20,rayleigh,bpsk,42000574
449,1,-20,rayleigh,bpsk,42000575
450,1,-20,rayleigh,16qam,42000576
451,1,-20,rayleigh,qpsk,42000577
452,1,-20,rayleigh,16qam,42000578
453,1,-20,rayleigh,qpsk,42000579
454,1,-20,rayleigh,bpsk,42000580
455,1,-20,rayleigh,16qam,42000581
456,1,-20,rayleigh,bpsk,42000582
457,1,-20,rayleigh,16qam,42000583
458,1,-20,rayleigh,bpsk,42000584
459,1,-20,rayleigh,qpsk,42000585
460,1,-20,rayleigh,bpsk,42000586
461,1,-20,rayleigh,qpsk,42000587
462,1,-20,rayleigh,qpsk,42000588
463,1,-20,rayleigh,qpsk,42000589
464,1,-20,rayleigh,bpsk,42000590
465,1,-20,rayleigh,qpsk,42000591
466,1,-20,rayleigh,bpsk,42000592
467,1,-20,rayleigh,bpsk,42000593
468,1,-20,rayleigh,qpsk,42000594
469,1,-20,rayleigh,qpsk,42000595
470,1,-20,rayleigh,16qam,42000596
471,1,-20,rayleigh,qpsk,42000597
472,1,-20,rayleigh,16qam,42000598
473,1,-20,rayleigh,16qam,42000599
474,1,-20,rayleigh,bpsk,42000600
475,1,-20,rayleigh,bpsk,42000601
476,1,-20,rayleigh,bpsk,42000602
477,1,-20,rayleigh,16qam,42000603
478,1,-20,rayleigh,qpsk,42000604
479,1,-20,rayleigh,bpsk,42000605
480,1,-20,rayleigh,qpsk,42000606
481,1,-20,rayleigh,qpsk,42000607
482,1,-20,rayleigh,bpsk,42000608
483,1,-20,rayleigh,16qam,42000609
484,1,-20,rayleigh,16qam,42000610
485,1,-20,rayleigh,16qam,42000611
486,1,-20,rayleigh,bpsk,42000612
487,1,-20,rayleigh,16qam,42000613
488,1,-20,rayleigh,qpsk,42000614
489,1,-20,rayleigh,bpsk,42000615
490,1,-20,rayleigh,bpsk,42000616
491,1,-20,rayleigh,16qam,42000617
492,1,-20,rayleigh,bpsk,42000618
493,1,-20,rayleigh,bpsk,42000619
494,1,-20,rayleigh,qpsk,42000620
495,1,-20,rayleigh,bpsk,42000621
496,1,-20,rayleigh,bpsk,42000622
497,1,-20,rayleigh,qpsk,42000623
498,1,-20,rayleigh,qpsk,42000624
499,1,-20,rayleigh,16qam,42000625
500,1,-20,rayleigh,qpsk,42000626
501,1,-20,rayleigh,qpsk,42000627
502,1,-20,rayleigh,qpsk,42000628
503,1,-20,rayleigh,16qam,42000629
504,1,-20,rayleigh,16qam,42000630
505,1,-20,rayleigh,qpsk,42000631
506,1,-20,rayleigh,16qam,42000632
507,1,-20,rayleigh,qpsk,42000633
508,1,-20,rayleigh,qpsk,42000634
509,1,-20,rayleigh,bpsk,42000635
510,1,-20,rayleigh,bpsk,42000636
511,1,-20,rayleigh,16qam,42000637
512,1,-20,rayleigh,bpsk,42000638
513,1,-20,rayleigh,bpsk,42000639
514,1,-20,rayleigh,bpsk,42000640
515,1,-20,rayleigh,qpsk,42000641
516,1,-20,rayleigh,16qam,42000642
517,1,-20,rayleigh,qpsk,42000643
518,1,-20,rayleigh,16qam,42000644
519,1,-20,rayleigh,bpsk,42000645
520,1,-20,rayleigh,bpsk,42000646
521,1,-20,rayleigh,bpsk,42000647
522,1,-20,rayleigh,qpsk,42000648
523,1,-20,rayleigh,bpsk,42000649
524,1,-20,rayleigh,bpsk,42000650
525,1,-20,rayleigh,qpsk,42000651
526,1,-20,rayleigh,16qam,42000652
527,1,-20,rayleigh,qpsk,42000653
528,1,-20,rayleigh,qpsk,42000654
529,1,-20,rayleigh,bpsk,42000655
530,1,-20,rayleigh,qpsk,42000656
531,1,-20,rayleigh,16qam,42000657
532,1,-20,rayleigh,qpsk,42000658
533,1,-20,rayleigh,16qam,42000659
534,1,-20,rayleigh,16qam,42000660
535,1,-20,rayleigh,16qam,42000661
536,1,-20,rayleigh,bpsk,42000662
537,1,-20,rayleigh,qpsk,42000663
538,1,-20,rayleigh,16qam,42000664
539,1,-20,rayleigh,qpsk,42000665
540,1,-20,rayleigh,bpsk,42000666
541,1,-20,rayleigh,16qam,42000667
542,1,-20,rayleigh,bpsk,42000668
543,1,-20,rayleigh,qpsk,42000669
544,1,-20,rayleigh,bpsk,42000670
545,1,-20,rayleigh,16qam,42000671
546,1,-20,rayleigh,16qam,42000672
547,1,-20,rayleigh,16qam,42000673
548,1,-20,rayleigh,qpsk,42000674
549,1,-20,rayleigh,bpsk,42000675
550,1,-20,rayleigh,16qam,42000676
551,1,-20,rayleigh,bpsk,42000677
552,1,-20,rayleigh,bpsk,42000678
553,1,-20,rayleigh,16qam,42000679
554,1,-20,rayleigh,bpsk,42000680
555,1,-20,rayleigh,qpsk,42000681
556,1,-20,rayleigh,bpsk,42000682
557,1,-20,rayleigh,bpsk,42000683
558,1,-20,rayleigh,bpsk,42000684
559,1,-20,rayleigh,bpsk,42000685
560,1,-20,rayleigh,16qam,42000686
561,1,-20,rayleigh,16qam,42000687
562,1,-20,rayleigh,qpsk,42000688
563,1,-20,rayleigh,qpsk,42000689
564,1,-20,rayleigh,bpsk,42000690
565,1,-20,rayleigh,bpsk,42000691
566,1,-20,rayleigh,bpsk,42000692
567,1,-20,rayleigh,bpsk,42000693
568,1,-20,rayleigh,bpsk,42000694
569,1,-20,rayleigh,bpsk,42000695
570,1,-20,rayleigh,qpsk,42000696
571,1,-20,rayleigh,qpsk,42000697
572,1,-20,rayleigh,qpsk,42000698
573,1,-20,rayleigh,bpsk,42000699
574,1,-20,rayleigh,bpsk,42000700
575,1,-20,rayleigh,16qam,42000701
576,1,-20,rayleigh,qpsk,42000702
577,1,-20,rayleigh,16qam,42000703
578,1,-20,rayleigh,16qam,42000704
579,1,-20,rayleigh,qpsk,42000705
580,1,-20,rayleigh,bpsk,42000706
581,1,-20,rayleigh,qpsk,42000707
582,1,-20,rayleigh,16qam,42000708
583,1,-20,rayleigh,qpsk,42000709
584,1,-20,rayleigh,16qam,42000710
585,1,-20,rayleigh,bpsk,42000711
586,1,-20,rayleigh,qpsk,42000712
587,1,-20,rayleigh,bpsk,42000713
588,1,-20,rayleigh,bpsk,42000714
589,1,-20,rayleigh,bpsk,42000715
590,1,-20,rayleigh,bpsk,42000716
591,1,-20,rayleigh,16qam,42000717
592,1,-20,rayleigh,bpsk,42000718
593,1,-20,rayleigh,16qam,42000719
594,1,-20,rayleigh,bpsk,42000720
595,1,-20,rayleigh,qpsk,42000721
596,1,-20,rayleigh,bpsk,42000722
597,1,-20,rayleigh,bpsk,42000723
598,1,-20,rayleigh,bpsk,42000724
599,1,-20,rayleigh,qpsk,42000725
600,0,-20,rayleigh,none,42000726
601,0,-20,rayleigh,none,42000727
602,0,-20,rayleigh,none,42000728
603,0,-20,rayleigh,none,42000729
604,0,-20,rayleigh,none,42000730
605,0,-20,rayleigh,none,42000731
606,0,-20,rayleigh,none,42000732
607,0,-20,rayleigh,none,42000733
608,0,-20,rayleigh,none,42000734
609,0,-20,rayleigh,none,42000735
610,0,-20,rayleigh,none,42000736
611,0,-20,rayleigh,none,42000737
612,0,-20,rayleigh,none,42000738
613,0,-20,rayleigh,none,42000739
614,0,-20,rayleigh,none,42000740
615,0,-20,rayleigh,none,42000741
616,0,-20,rayleigh,none,42000742
617,0,-20,rayleigh,none,42000743
618,0,-20,rayleigh,none,42000744
619,0,-20,rayleigh,none,42000745
620,0,-20,rayleigh,none,42000746
621,0,-20,rayleigh,none,42000747
622,0,-20,rayleigh,none,42000748
623,0,-20,rayleigh,none,42000749
624,0,-20,rayleigh,none,42000750
625,0,-20,rayleigh,none,42000751
626,0,-20,rayleigh,none,42000752
627,0,-20,rayleigh,none,42000753
628,0,-20,rayleigh,none,42000754
629,0,-20,rayleigh,none,42000755
630,0,-20,rayleigh,none,42000756
631,0,-20,rayleigh,none,42000757
632,0,-20,rayleigh,none,42000758
633,0,-20,rayleigh,none,42000759
634,0,-20,rayleigh,none,42000760
635,0,-20,rayleigh,none,42000761
636,0,-20,rayleigh,none,42000762
637,0,-20,rayleigh,none,42000763
638,0,-20,rayleigh,none,42000764
639,0,-20,rayleigh,none,42000765
640,0,-20,rayleigh,none,42000766
641,0,-20,rayleigh,none,42000767
642,0,-20,rayleigh,none,42000768
643,0,-20,rayleigh,none,42000769
644,0,-20,rayleigh,none,42000770
645,0,-20,rayleigh,none,42000771
646,0,-20,rayleigh,none,42000772
647,0,-20,rayleigh,none,42000773
648,0,-20,rayleigh,none,42000774
649,0,-20,rayleigh,none,42000775
650,0,-20,rayleigh,none,42000776
651,0,-20,rayleigh,none,42000777
652,0,-20,rayleigh,none,42000778
653,0,-20,rayleigh,none,42000779
654,0,-20,rayleigh,none,42000780
655,0,-20,rayleigh,none,42000781
656,0,-20,rayleigh,none,42000782
657,0,-20,rayleigh,none,42000783
658,0,-20,rayleigh,none,42000784
659,0,-20,rayleigh,none,42000785
660,0,-20,rayleigh,none,42000786
661,0,-20,rayleigh,none,42000787
662,0,-20,rayleigh,none,42000788
663,0,-20,rayleigh,none,42000789
664,0,-20,rayleigh,none,42000790
665,0,-20,rayleigh,none,42000791
666,0,-20,rayleigh,none,42000792
667,0,-20,rayleigh,none,42000793
668,0,-20,rayleigh,none,42000794
669,0,-20,rayleigh,none,42000795
670,0,-20,rayleigh,none,42000796
671,0,-20,rayleigh,none,42000797
672,0,-20,rayleigh,none,42000798
673,0,-20,rayleigh,none,42000799
674,0,-20,rayleigh,none,42000800
675,0,-20,rayleigh,none,42000801
676,0,-20,rayleigh,none,42000802
677,0,-20,rayleigh,none,42000803
678,0,-20,rayleigh,none,42000804
679,0,-20,rayleigh,none,42000805
680,0,-20,rayleigh,none,42000806
681,0,-20,rayleigh,none,42000807
682,0,-20,rayleigh,none,42000808
683,0,-20,rayleigh,none,42000809
684,0,-20,rayleigh,none,42000810
685,0,-20,rayleigh,none,42000811
686,0,-20,rayleigh,none,42000812
687,0,-20,rayleigh,none,42000813
688,0,-20,rayleigh,none,42000814
689,0,-20,rayleigh,none,42000815
690,0,-20,rayleigh,none,42000816
691,0,-20,rayleigh,none,42000817
692,0,-20,rayleigh,none,42000818
693,0,-20,rayleigh,none,42000819
694,0,-20,rayleigh,none,42000820
695,0,-20,rayleigh,none,42000821
696,0,-20,rayleigh,none,42000822
697,0,-20,rayleigh,none,42000823
698,0,-20,rayleigh,none,42000824
699,0,-20,rayleigh,none,42000825
700,0,-20,rayleigh,none,42000826
701,0,-20,rayleigh,none,42000827
702,0,-20,rayleigh,none,42000828
703,0,-20,rayleigh,none,42000829
704,0,-20,rayleigh,none,42000830
705,0,-20,rayleigh,none,42000831
706,0,-20,rayleigh,none,42000832
707,0,-20,rayleigh,none,42000833
708,0,-20,rayleigh,none,42000834
709,0,-20,rayleigh,none,42000835
710,0,-20,rayleigh,none,42000836
711,0,-20,rayleigh,none,42000837
712,0,-20,rayleigh,none,42000838
713,0,-20,rayleigh,none,42000839
714,0,-20,rayleigh,none,42000840
715,0,-20,rayleigh,none,42000841
716,0,-20,rayleigh,none,42000842
717,0,-20,rayleigh,none,42000843
718,0,-20,rayleigh,none,42000844
719,0,-20,rayleigh,none,42000845
720,0,-20,rayleigh,none,42000846
721,0,-20,rayleigh,none,42000847
722,0,-20,rayleigh,none,42000848
723,0,-20,rayleigh,none,42000849
724,0,-20,rayleigh,none,42000850
725,0,-20,rayleigh,none,42000851
726,0,-20,rayleigh,none,42000852
727,0,-20,rayleigh,none,42000853
728,0,-20,rayleigh,none,42000854
729,0,-20,rayleigh,none,42000855
730,0,-20,rayleigh,none,42000856
731,0,-20,rayleigh,none,42000857
732,0,-20,rayleigh,none,42000858
733,0,-20,rayleigh,none,42000859
734,0,-20,rayleigh,none,42000860
735,0,-20,rayleigh,none,42000861
736,0,-20,rayleigh,none,42000862
737,0,-20,rayleigh,none,42000863
738,0,-20,rayleigh,none,42000864
739,0,-20,rayleigh,none,42000865
740,0,-20,rayleigh,none,42000866
741,0,-20,rayleigh,none,42000867
742,0,-20,rayleigh,none,42000868
743,0,-20,rayleigh,none,42000869
744,0,-20,rayleigh,none,42000870
745,0,-20,rayleigh,none,42000871
746,0,-20,rayleigh,none,42000872
747,0,-20,rayleigh,none,42000873
748,0,-20,rayleigh,none,42000874
749,0,-20,rayleigh,none,42000875
750,0,-20,rayleigh,none,42000876
751,0,-20,rayleigh,none,42000877
752,0,-20,rayleigh,none,42000878
753,0,-20,rayleigh,none,42000879
754,0,-20,rayleigh,none,42000880
755,0,-20,rayleigh,none,42000881
756,0,-20,rayleigh,none,42000882
757,0,-20,rayleigh,none,42000883
758,0,-20,rayleigh,none,42000884
759,0,-20,rayleigh,none,42000885
760,0,-20,rayleigh,none,42000886
761,0,-20,rayleigh,none,42000887
762,0,-20,rayleigh,none,42000888
763,0,-20,rayleigh,none,42000889
764,0,-20,rayleigh,none,42000890
765,0,-20,rayleigh,none,42000891
766,0,-20,rayleigh,none,42000892
767,0,-20,rayleigh,none,42000893
768,0,-20,rayleigh,none,42000894
769,0,-20,rayleigh,none,42000895
770,0,-20,rayleigh,none,42000896
771,0,-20,rayleigh,none,42000897
772,0,-20,rayleigh,none,42000898
773,0,-20,rayleigh,none,42000899
774,0,-20,rayleigh,none,42000900
775,0,-20,rayleigh,none,42000901
776,0,-20,rayleigh,none,42000902
777,0,-20,rayleigh,none,42000903
778,0,-20,rayleigh,none,42000904
779,0,-20,rayleigh,none,42000905
780,0,-20,rayleigh,none,42000906
781,0,-20,rayleigh,none,42000907
782,0,-20,rayleigh,none,42000908
783,0,-20,rayleigh,none,42000909
784,0,-20,rayleigh,none,42000910
785,0,-20,rayleigh,none,42000911
786,0,-20,rayleigh,none,42000912
787,0,-20,rayleigh,none,42000913
788,0,-20,rayleigh,none,42000914
789,0,-20,rayleigh,none,42000915
790,0,-20,rayleigh,none,42000916
791,0,-20,rayleigh,none,42000917
792,0,-20,rayleigh,none,42000918
793,0,-20,rayleigh,none,42000919
794,0,-20,rayleigh,none,42000920
795,0,-20,rayleigh,none,42000921
796,0,-20,rayleigh,none,42000922
797,0,-20,rayleigh,none,42000923
798,0,-20,rayleigh,none,42000924
799,0,-20,rayleigh,none,42000925
800,1,-20,rician,bpsk,42000926
801,1,-20,rician,16qam,42000927
802,1,-20,rician,bpsk,42000928
803,1,-20,rician,qpsk,42000929
804,1,-20,rician,bpsk,42000930
805,1,-20,rician,16qam,42000931
806,1,-20,rician,bpsk,42000932
807,1,-20,rician,bpsk,42000933
808,1,-20,rician,bpsk,42000934
809,1,-20,rician,qpsk,42000935
810,1,-20,rician,bpsk,42000936
811,1,-20,rician,qpsk,42000937
812,1,-20,rician,qpsk,42000938
813,1,-20,rician,qpsk,42000939
814,1,-20,rician,bpsk,42000940
815,1,-20,rician,bpsk,42000941
816,1,-20,rician,16qam,42000942
817,1,-20,rician,16qam,42000943
818,1,-20,rician,qpsk,42000944
819,1,-20,rician,bpsk,42000945
820,1,-20,rician,bpsk,42000946
821,1,-20,rician,bpsk,42000947
822,1,-20,rician,qpsk,42000948
823,1,-20,rician,16qam,42000949
824,1,-20,rician,16qam,42000950
825,1,-20,rician,qpsk,42000951
826,1,-20,rician,bpsk,42000952
827,1,-20,rician,16qam,42000953
828,1,-20,rician,qpsk,42000954
829,1,-20,rician,qpsk,42000955
830,1,-20,rician,bpsk,42000956
831,1,-20,rician,bpsk,42000957
832,1,-20,rician,bpsk,42000958
833,1,-20,rician,qpsk,42000959
834,1,-20,rician,16qam,42000960
835,1,-20,rician,qpsk,42000961
836,1,-20,rician,16qam,42000962
837,1,-20,rician,16qam,42000963
838,1,-20,rician,qpsk,42000964
839,1,-20,rician,bpsk,42000965
840,1,-20,rician,qpsk,42000966
841,1,-20,rician,qpsk,42000967
842,1,-20,rician,bpsk,42000968
843,1,-20,rician,bpsk,42000969
844,1,-20,rician,bpsk,42000970
845,1,-20,rician,16qam,42000971
846,1,-20,rician,qpsk,42000972
847,1,-20,rician,qpsk,42000973
848,1,-20,rician,16qam,42000974
849,1,-20,rician,16qam,42000975
850,1,-20,rician,qpsk,42000976
851,1,-20,rician,qpsk,42000977
852,1,-20,rician,16qam,42000978
853,1,-20,rician,bpsk,42000979
854,1,-20,rician,16qam,42000980
855,1,-20,rician,qpsk,42000981
856,1,-20,rician,bpsk,42000982
857,1,-20,rician,16qam,42000983
858,1,-20,rician,16qam,42000984
859,1,-20,rician,bpsk,42000985
860,1,-20,rician,bpsk,42000986
861,1,-20,rician,qpsk,42000987
862,1,-20,rician,16qam,42000988
863,1,-20,rician,qpsk,42000989
864,1,-20,rician,qpsk,42000990
865,1,-20,rician,qpsk,42000991
866,1,-20,rician,bpsk,42000992
867,1,-20,rician,16qam,42000993
868,1,-20,rician,qpsk,42000994
869,1,-20,rician,bpsk,42000995
870,1,-20,rician,bpsk,42000996
871,1,-20,rician,16qam,42000997
872,1,-20,rician,qpsk,42000998
873,1,-20,rician,bpsk,42000999
874,1,-20,rician,qpsk,42001000
875,1,-20,rician,qpsk,42001001
876,1,-20,rician,16qam,42001002
877,1,-20,rician,bpsk,42001003
878,1,-20,rician,16qam,42001004
879,1,-20,rician,bpsk,42001005
880,1,-20,rician,qpsk,42001006
881,1,-20,rician,qpsk,42001007
882,1,-20,rician,16qam,42001008
883,1,-20,rician,qpsk,42001009
884,1,-20,rician,16qam,42001010
885,1,-20,rician,16qam,42001011
886,1,-20,rician,16qam,42001012
887,1,-20,rician,bpsk,42001013
888,1,-20,rician,16qam,42001014
889,1,-20,rician,bpsk,42001015
890,1,-20,rician,qpsk,42001016
891,1,-20,rician,qpsk,42001017
892,1,-20,rician,bpsk,42001018
893,1,-20,rician,qpsk,42001019
894,1,-20,rician,16qam,42001020
895,1,-20,rician,qpsk,42001021
896,1,-20,rician,16qam,42001022
897,1,-20,rician,qpsk,42001023
898,1,-20,rician,bpsk,42001024
899,1,-20,rician,qpsk,42001025
900,1,-20,rician,bpsk,42001026
901,1,-20,rician,bpsk,42001027
902,1,-20,rician,bpsk,42001028
903,1,-20,rician,bpsk,42001029
904,1,-20,rician,qpsk,42001030
905,1,-20,rician,16qam,42001031
906,1,-20,rician,bpsk,42001032
907,1,-20,rician,bpsk,42001033
908,1,-20,rician,bpsk,42001034
909,1,-20,rician,qpsk,42001035
910,1,-20,rician,bpsk,42001036
911,1,-20,rician,qpsk,42001037
912,1,-20,rician,bpsk,42001038
913,1,-20,rician,bpsk,42001039
914,1,-20,rician,16qam,42001040
915,1,-20,rician,16qam,42001041
916,1,-20,rician,16qam,42001042
917,1,-20,rician,qpsk,42001043
918,1,-20,rician,bpsk,42001044
919,1,-20,rician,16qam,42001045
920,1,-20,rician,16qam,42001046
921,1,-20,rician,qpsk,42001047
922,1,-20,rician,qpsk,42001048
923,1,-20,rician,bpsk,42001049
924,1,-20,rician,bpsk,42001050
925,1,-20,rician,qpsk,42001051
926,1,-20,rician,bpsk,42001052
927,1,-20,rician,bpsk,42001053
928,1,-20,rician,bpsk,42001054
929,1,-20,rician,bpsk,42001055
930,1,-20,rician,16qam,42001056
931,1,-20,rician,16qam,42001057
932,1,-20,rician,bpsk,42001058
933,1,-20,rician,16qam,42001059
934,1,-20,rician,qpsk,42001060
935,1,-20,rician,16qam,42001061
936,1,-20,rician,16qam,42001062
937,1,-20,rician,16qam,42001063
938,1,-20,rician,qpsk,42001064
939,1,-20,rician,qpsk,42001065
940,1,-20,rician,qpsk,42001066
941,1,-20,rician,16qam,42001067
942,1,-20,rician,16qam,42001068
943,1,-20,rician,qpsk,42001069
944,1,-20,rician,bpsk,42001070
945,1,-20,rician,16qam,42001071
946,1,-20,rician,qpsk,42001072
947,1,-20,rician,bpsk,42001073
948,1,-20,rician,bpsk,42001074
949,1,-20,rician,qpsk,42001075
950,1,-20,rician,bpsk,42001076
951,1,-20,rician,qpsk,42001077
952,1,-20,rician,qpsk,42001078
953,1,-20,rician,qpsk,42001079
954,1,-20,rician,bpsk,42001080
955,1,-20,rician,qpsk,42001081
956,1,-20,rician,qpsk,42001082
957,1,-20,rician,bpsk,42001083
958,1,-20,rician,qpsk,42001084
959,1,-20,rician,qpsk,42001085
960,1,-20,rician,qpsk,42001086
961,1,-20,rician,16qam,42001087
962,1,-20,rician,bpsk,42001088
963,1,-20,rician,16qam,42001089
964,1,-20,rician,bpsk,42001090
965,1,-20,rician,bpsk,42001091
966,1,-20,rician,bpsk,42001092
967,1,-20,rician,bpsk,42001093
968,1,-20,rician,16qam,42001094
969,1,-20,rician,bpsk,42001095
970,1,-20,rician,bpsk,42001096
971,1,-20,rician,bpsk,42001097
972,1,-20,rician,bpsk,42001098
973,1,-20,rician,bpsk,42001099
974,1,-20,rician,qpsk,42001100
975,1,-20,rician,qpsk,42001101
976,1,-20,rician,bpsk,42001102
977,1,-20,rician,bpsk,42001103
978,1,-20,rician,16qam,42001104
979,1,-20,rician,16qam,42001105
980,1,-20,rician,bpsk,42001106
981,1,-20,rician,bpsk,42001107
982,1,-20,rician,qpsk,42001108
983,1,-20,rician,qpsk,42001109
984,1,-20,rician,16qam,42001110
985,1,-20,rician,bpsk,42001111
986,1,-20,rician,bpsk,42001112
987,1,-20,rician,qpsk,42001113
988,1,-20,rician,16qam,42001114
989,1,-20,rician,qpsk,42001115
990,1,-20,rician,qpsk,42001116
991,1,-20,rician,bpsk,42001117
992,1,-20,rician,qpsk,42001118
993,1,-20,rician,bpsk,42001119
994,1,-20,rician,bpsk,42001120
995,1,-20,rician,bpsk,42001121
996,1,-20,rician,bpsk,42001122
997,1,-20,rician,qpsk,42001123
998,1,-20,rician,bpsk,42001124
999,1,-20,rician,qpsk,42001125
1000,0,-20,rician,none,42001126
1001,0,-20,rician,none,42001127
1002,0,-20,rician,none,42001128
1003,0,-20,rician,none,42001129
1004,0,-20,rician,none,42001130
1005,0,-20,rician,none,42001131
1006,0,-20,rician,none,42001132
1007,0,-20,rician,none,42001133
1008,0,-20,rician,none,42001134
1009,0,-20,rician,none,42001135
1010,0,-20,rician,none,42001136
1011,0,-20,rician,none,42001137
1012,0,-20,rician,none,42001138
1013,0,-20,rician,none,42001139
1014,0,-20,rician,none,42001140
1015,0,-20,rician,none,42001141
1016,0,-20,rician,none,42001142
1017,0,-20,rician,none,42001143
1018,0,-20,rician,none,42001144
1019,0,-20,rician,none,42001145
1020,0,-20,rician,none,42001146
1021,0,-20,rician,none,42001147
1022,0,-20,rician,none,42001148
1023,0,-20,rician,none,42001149
1024,0,-20,rician,none,42001150
1025,0,-20,rician,none,42001151
1026,0,-20,rician,none,42001152
1027,0,-20,rician,none,42001153
1028,0,-20,rician,none,42001154
1029,0,-20,rician,none,42001155
1030,0,-20,rician,none,42001156
1031,0,-20,rician,none,42001157
1032,0,-20,rician,none,42001158
1033,0,-20,rician,none,42001159
1034,0,-20,rician,none,42001160
1035,0,-20,rician,none,42001161
1036,0,-20,rician,none,42001162
1037,0,-20,rician,none,42001163
1038,0,-20,rician,none,42001164
1039,0,-20,rician,none,42001165
1040,0,-20,rician,none,42001166
1041,0,-20,rician,none,42001167
1042,0,-20,rician,none,42001168
1043,0,-20,rician,none,42001169
1044,0,-20,rician,none,42001170
1045,0,-20,rician,none,42001171
1046,0,-20,rician,none,42001172
1047,0,-20,rician,none,42001173
1048,0,-20,rician,none,42001174
1049,0,-20,rician,none,42001175
1050,0,-20,rician,none,42001176
1051,0,-20,rician,none,42001177
1052,0,-20,rician,none,42001178
1053,0,-20,rician,none,42001179
1054,0,-20,rician,none,42001180
1055,0,-20,rician,none,42001181
1056,0,-20,rician,none,42001182
1057,0,-20,rician,none,42001183
1058,0,-20,rician,none,42001184
1059,0,-20,rician,none,42001185
1060,0,-20,rician,none,42001186
1061,0,-20,rician,none,42001187
1062,0,-20,rician,none,42001188
1063,0,-20,rician,none,42001189
1064,0,-20,rician,none,42001190
1065,0,-20,rician,none,42001191
1066,0,-20,rician,none,42001192
1067,0,-20,rician,none,42001193
1068,0,-20,rician,none,42001194
1069,0,-20,rician,none,42001195
1070,0,-20,rician,none,42001196
1071,0,-20,rician,none,42001197
1072,0,-20,rician,none,42001198
1073,0,-20,rician,none,42001199
1074,0,-20,rician,none,42001200
1075,0,-20,rician,none,42001201
1076,0,-20,rician,none,42001202
1077,0,-20,rician,none,42001203
1078,0,-20,rician,none,42001204
1079,0,-20,rician,none,42001205
1080,0,-20,rician,none,42001206
1081,0,-20,rician,none,42001207
1082,0,-20,rician,none,42001208
1083,0,-20,rician,none,42001209
1084,0,-20,rician,none,42001210
1085,0,-20,rician,none,42001211
1086,0,-20,rician,none,42001212
1087,0,-20,rician,none,42001213
1088,0,-20,rician,none,42001214
1089,0,-20,rician,none,42001215
1090,0,-20,rician,none,42001216
1091,0,-20,rician,none,42001217
1092,0,-20,rician,none,42001218
1093,0,-20,rician,none,42001219
1094,0,-20,rician,none,42001220
1095,0,-20,rician,none,42001221
1096,0,-20,rician,none,42001222
1097,0,-20,rician,none,42001223
1098,0,-20,rician,none,42001224
1099,0,-20,rician,none,42001225
1100,0,-20,rician,none,42001226
1101,0,-20,rician,none,42001227
1102,0,-20,rician,none,42001228
1103,0,-20,rician,none,42001229
1104,0,-20,rician,none,42001230
1105,0,-20,rician,none,42001231
1106,0,-20,rician,none,42001232
1107,0,-20,rician,none,42001233
1108,0,-20,rician,none,42001234
1109,0,-20,rician,none,42001235
1110,0,-20,rician,none,42001236
1111,0,-20,rician,none,42001237
1112,0,-20,rician,none,42001238
1113,0,-20,rician,none,42001239
1114,0,-20,rician,none,42001240
1115,0,-20,rician,none,42001241
1116,0,-20,rician,none,42001242
1117,0,-20,rician,none,42001243
1118,0,-20,rician,none,42001244
1119,0,-20,rician,none,42001245
1120,0,-20,rician,none,42001246
1121,0,-20,rician,none,42001247
1122,0,-20,rician,none,42001248
1123,0,-20,rician,none,42001249
1124,0,-20,rician,none,42001250
1125,0,-20,rician,none,42001251
1126,0,-20,rician,none,42001252
1127,0,-20,rician,none,42001253
1128,0,-20,rician,none,42001254
1129,0,-20,rician,none,42001255
1130,0,-20,rician,none,42001256
1131,0,-20,rician,none,42001257
1132,0,-20,rician,none,42001258
1133,0,-20,rician,none,42001259
1134,0,-20,rician,none,42001260
1135,0,-20,rician,none,42001261
1136,0,-20,rician,none,42001262
1137,0,-20,rician,none,42001263
1138,0,-20,rician,none,42001264
1139,0,-20,rician,none,42001265
1140,0,-20,rician,none,42001266
1141,0,-20,rician,none,42001267
1142,0,-20,rician,none,42001268
1143,0,-20,rician,none,42001269
1144,0,-20,rician,none,42001270
1145,0,-20,rician,none,42001271
1146,0,-20,rician,none,42001272
1147,0,-20,rician,none,42001273
1148,0,-20,rician,none,42001274
1149,0,-20,rician,none,42001275
1150,0,-20,rician,none,42001276
1151,0,-20,rician,none,42001277
1152,0,-20,rician,none,42001278
1153,0,-20,rician,none,42001279
1154,0,-20,rician,none,42001280
1155,0,-20,rician,none,42001281
1156,0,-20,rician,none,42001282
1157,0,-20,rician,none,42001283
1158,0,-20,rician,none,42001284
1159,0,-20,rician,none,42001285
1160,0,-20,rician,none,42001286
1161,0,-20,rician,none,42001287
1162,0,-20,rician,none,42001288
1163,0,-20,rician,none,42001289
1164,0,-20,rician,none,42001290
1165,0,-20,rician,none,42001291
1166,0,-20,rician,none,42001292
1167,0,-20,rician,none,42001293
1168,0,-20,rician,none,42001294
1169,0,-20,rician,none,42001295
1170,0,-20,rician,none,42001296
1171,0,-20,rician,none,42001297
1172,0,-20,rician,none,42001298
1173,0,-20,rician,none,42001299
1174,0,-20,rician,none,42001300
1175,0,-20,rician,none,42001301
1176,0,-20,rician,none,42001302
1177,0,-20,rician,none,42001303
1178,0,-20,rician,none,42001304
1179,0,-20,rician,none,42001305
1180,0,-20,rician,none,42001306
1181,0,-20,rician,none,42001307
1182,0,-20,rician,none,42001308
1183,0,-20,rician,none,42001309
1184,0,-20,rician,none,42001310
1185,0,-20,rician,none,42001311
1186,0,-20,rician,none,42001312
1187,0,-20,rician,none,42001313
1188,0,-20,rician,none,42001314
1189,0,-20,rician,none,42001315
1190,0,-20,rician,none,42001316
1191,0,-20,rician,none,42001317
1192,0,-20,rician,none,42001318
1193,0,-20,rician,none,42001319
1194,0,-20,rician,none,42001320
1195,0,-20,rician,none,42001321
1196,0,-20,rician,none,42001322
1197,0,-20,rician,none,42001323
1198,0,-20,rician,none,42001324
1199,0,-20,rician,none,42001325
1200,1,-15,awgn,bpsk,42001326
1201,1,-15,awgn,bpsk,42001327
1202,1,-15,awgn,bpsk,42001328
1203,1,-15,awgn,qpsk,42001329
1204,1,-15,awgn,16qam,42001330
1205,1,-15,awgn,16qam,42001331
1206,1,-15,awgn,qpsk,42001332
1207,1,-15,awgn,qpsk,42001333
1208,1,-15,awgn,16qam,42001334
1209,1,-15,awgn,bpsk,42001335
1210,1,-15,awgn,qpsk,42001336
1211,1,-15,awgn,16qam,42001337
1212,1,-15,awgn,bpsk,42001338
1213,1,-15,awgn,bpsk,42001339
1214,1,-15,awgn,bpsk,42001340
1215,1,-15,awgn,qpsk,42001341
1216,1,-15,awgn,16qam,42001342
1217,1,-15,awgn,16qam,42001343
1218,1,-15,awgn,qpsk,42001344
1219,1,-15,awgn,16qam,42001345
1220,1,-15,awgn,16qam,42001346
1221,1,-15,awgn,qpsk,42001347
1222,1,-15,awgn,qpsk,42001348
1223,1,-15,awgn,bpsk,42001349
1224,1,-15,awgn,bpsk,42001350
1225,1,-15,awgn,bpsk,42001351
1226,1,-15,awgn,16qam,42001352
1227,1,-15,awgn,qpsk,42001353
1228,1,-15,awgn,bpsk,42001354
1229,1,-15,awgn,16qam,42001355
1230,1,-15,awgn,qpsk,42001356
1231,1,-15,awgn,16qam,42001357
1232,1,-15,awgn,16qam,42001358
1233,1,-15,awgn,16qam,42001359
1234,1,-15,awgn,qpsk,42001360
1235,1,-15,awgn,16qam,42001361
1236,1,-15,awgn,16qam,42001362
1237,1,-15,awgn,qpsk,42001363
1238,1,-15,awgn,16qam,42001364
1239,1,-15,awgn,bpsk,42001365
1240,1,-15,awgn,bpsk,42001366
1241,1,-15,awgn,bpsk,42001367
1242,1,-15,awgn,16qam,42001368
1243,1,-15,awgn,qpsk,42001369
1244,1,-15,awgn,16qam,42001370
1245,1,-15,awgn,qpsk,42001371
1246,1,-15,awgn,qpsk,42001372
1247,1,-15,awgn,qpsk,42001373
1248,1,-15,awgn,qpsk,42001374
1249,1,-15,awgn,16qam,42001375
1250,1,-15,awgn,bpsk,42001376
1251,1,-15,awgn,16qam,42001377
1252,1,-15,awgn,bpsk,42001378
1253,1,-15,awgn,bpsk,42001379
1254,1,-15,awgn,bpsk,42001380
1255,1,-15,awgn,16qam,42001381
1256,1,-15,awgn,bpsk,42001382
1257,1,-15,awgn,bpsk,42001383
1258,1,-15,awgn,16qam,42001384
1259,1,-15,awgn,bpsk,42001385
1260,1,-15,awgn,16qam,42001386
1261,1,-15,awgn,16qam,42001387
1262,1,-15,awgn,16qam,42001388
1263,1,-15,awgn,16qam,42001389
1264,1,-15,awgn,qpsk,42001390
1265,1,-15,awgn,qpsk,42001391
1266,1,-15,awgn,qpsk,42001392
1267,1,-15,awgn,bpsk,42001393
1268,1,-15,awgn,16qam,42001394
1269,1,-15,awgn,qpsk,42001395
1270,1,-15,awgn,qpsk,42001396
1271,1,-15,awgn,qpsk,42001397
1272,1,-15,awgn,qpsk,42001398
1273,1,-15,awgn,qpsk,42001399
1274,1,-15,awgn,bpsk,42001400
1275,1,-15,awgn,qpsk,42001401
1276,1,-15,awgn,bpsk,42001402
1277,1,-15,awgn,qpsk,42001403
1278,1,-15,awgn,qpsk,42001404
1279,1,-15,awgn,bpsk,42001405
1280,1,-15,awgn,16qam,42001406
1281,1,-15,awgn,16qam,42001407
1282,1,-15,awgn,16qam,42001408
1283,1,-15,awgn,qpsk,42001409
1284,1,-15,awgn,16qam,42001410
1285,1,-15,awgn,bpsk,42001411
1286,1,-15,awgn,16qam,42001412
1287,1,-15,awgn,16qam,42001413
1288,1,-15,awgn,bpsk,42001414
1289,1,-15,awgn,bpsk,42001415
1290,1,-15,awgn,16qam,42001416
1291,1,-15,awgn,qpsk,42001417
1292,1,-15,awgn,16qam,42001418
1293,1,-15,awgn,16qam,42001419
1294,1,-15,awgn,16qam,42001420
1295,1,-15,awgn,bpsk,42001421
1296,1,-15,awgn,qpsk,42001422
1297,1,-15,awgn,qpsk,42001423
1298,1,-15,awgn,16qam,42001424
1299,1,-15,awgn,bpsk,42001425
1300,1,-15,awgn,qpsk,42001426
1301,1,-15,awgn,qpsk,42001427
1302,1,-15,awgn,16qam,42001428
1303,1,-15,awgn,16qam,42001429
1304,1,-15,awgn,qpsk,42001430
1305,1,-15,awgn,16qam,42001431
1306,1,-15,awgn,bpsk,42001432
1307,1,-15,awgn,16qam,42001433
1308,1,-15,awgn,qpsk,42001434
1309,1,-15,awgn,16qam,42001435
1310,1,-15,awgn,qpsk,42001436
1311,1,-15,awgn,qpsk,42001437
1312,1,-15,awgn,bpsk,42001438
1313,1,-15,awgn,bpsk,42001439
1314,1,-15,awgn,16qam,42001440
1315,1,-15,awgn,qpsk,42001441
1316,1,-15,awgn,qpsk,42001442
1317,1,-15,awgn,bpsk,42001443
1318,1,-15,awgn,qpsk,42001444
1319,1,-15,awgn,16qam,42001445
1320,1,-15,awgn,bpsk,42001446
1321,1,-15,awgn,16qam,42001447
1322,1,-15,awgn,16qam,42001448
1323,1,-15,awgn,qpsk,42001449
1324,1,-15,awgn,bpsk,42001450
1325,1,-15,awgn,16qam,42001451
1326,1,-15,awgn,bpsk,42001452
1327,1,-15,awgn,qpsk,42001453
1328,1,-15,awgn,bpsk,42001454
1329,1,-15,awgn,bpsk,42001455
1330,1,-15,awgn,qpsk,42001456
1331,1,-15,awgn,qpsk,42001457
1332,1,-15,awgn,bpsk,42001458
1333,1,-15,awgn,16qam,42001459
1334,1,-15,awgn,qpsk,42001460
1335,1,-15,awgn,16qam,42001461
1336,1,-15,awgn,qpsk,42001462
1337,1,-15,awgn,16qam,42001463
1338,1,-15,awgn,16qam,42001464
1339,1,-15,awgn,16qam,42001465
1340,1,-15,awgn,qpsk,42001466
1341,1,-15,awgn,bpsk,42001467
1342,1,-15,awgn,bpsk,42001468
1343,1,-15,awgn,16qam,42001469
1344,1,-15,awgn,qpsk,42001470
1345,1,-15,awgn,qpsk,42001471
1346,1,-15,awgn,bpsk,42001472
1347,1,-15,awgn,16qam,42001473
1348,1,-15,awgn,qpsk,42001474
1349,1,-15,awgn,bpsk,42001475
1350,1,-15,awgn,16qam,42001476
1351,1,-15,awgn,16qam,42001477
1352,1,-15,awgn,qpsk,42001478
1353,1,-15,awgn,bpsk,42001479
1354,1,-15,awgn,qpsk,42001480
1355,1,-15,awgn,16qam,42001481
1356,1,-15,awgn,16qam,42001482
1357,1,-15,awgn,qpsk,42001483
1358,1,-15,awgn,bpsk,42001484
1359,1,-15,awgn,qpsk,42001485
1360,1,-15,awgn,bpsk,42001486
1361,1,-15,awgn,qpsk,42001487
1362,1,-15,awgn,qpsk,42001488
1363,1,-15,awgn,qpsk,42001489
1364,1,-15,awgn,bpsk,42001490
1365,1,-15,awgn,16qam,42001491
1366,1,-15,awgn,bpsk,42001492
1367,1,-15,awgn,16qam,42001493
1368,1,-15,awgn,bpsk,42001494
1369,1,-15,awgn,qpsk,42001495
1370,1,-15,awgn,qpsk,42001496
1371,1,-15,awgn,qpsk,42001497
1372,1,-15,awgn,qpsk,42001498
1373,1,-15,awgn,16qam,42001499
1374,1,-15,awgn,qpsk,42001500
1375,1,-15,awgn,qpsk,42001501
1376,1,-15,awgn,bpsk,42001502
1377,1,-15,awgn,16qam,42001503
1378,1,-15,awgn,16qam,42001504
1379,1,-15,awgn,bpsk,42001505
1380,1,-15,awgn,16qam,42001506
1381,1,-15,awgn,16qam,42001507
1382,1,-15,awgn,16qam,42001508
1383,1,-15,awgn,16qam,42001509
1384,1,-15,awgn,qpsk,42001510
1385,1,-15,awgn,16qam,42001511
1386,1,-15,awgn,qpsk,42001512
1387,1,-15,awgn,16qam,42001513
1388,1,-15,awgn,16qam,42001514
1389,1,-15,awgn,16qam,42001515
1390,1,-15,awgn,qpsk,42001516
1391,1,-15,awgn,bpsk,42001517
1392,1,-15,awgn,bpsk,42001518
1393,1,-15,awgn,16qam,42001519
1394,1,-15,awgn,16qam,42001520
1395,1,-15,awgn,qpsk,42001521
1396,1,-15,awgn,qpsk,42001522
1397,1,-15,awgn,bpsk,42001523
1398,1,-15,awgn,16qam,42001524
1399,1,-15,awgn,bpsk,42001525
1400,0,-15,awgn,none,42001526
1401,0,-15,awgn,none,42001527
1402,0,-15,awgn,none,42001528
1403,0,-15,awgn,none,42001529
1404,0,-15,awgn,none,42001530
1405,0,-15,awgn,none,42001531
1406,0,-15,awgn,none,42001532
1407,0,-15,awgn,none,42001533
1408,0,-15,awgn,none,42001534
1409,0,-15,awgn,none,42001535
1410,0,-15,awgn,none,42001536
1411,0,-15,awgn,none,42001537
1412,0,-15,awgn,none,42001538
1413,0,-15,awgn,none,42001539
1414,0,-15,awgn,none,42001540
1415,0,-15,awgn,none,42001541
1416,0,-15,awgn,none,42001542
1417,0,-15,awgn,none,42001543
1418,0,-15,awgn,none,42001544
1419,0,-15,awgn,none,42001545
1420,0,-15,awgn,none,42001546
1421,0,-15,awgn,none,42001547
1422,0,-15,awgn,none,42001548
1423,0,-15,awgn,none,42001549
1424,0,-15,awgn,none,42001550
1425,0,-15,awgn,none,42001551
1426,0,-15,awgn,none,42001552
1427,0,-15,awgn,none,42001553
1428,0,-15,awgn,none,42001554
1429,0,-15,awgn,none,42001555
1430,0,-15,awgn,none,42001556
1431,0,-15,awgn,none,42001557
1432,0,-15,awgn,none,42001558
1433,0,-15,awgn,none,42001559
1434,0,-15,awgn,none,42001560
1435,0,-15,awgn,none,42001561
1436,0,-15,awgn,none,42001562
1437,0,-15,awgn,none,42001563
1438,0,-15,awgn,none,42001564
1439,0,-15,awgn,none,42001565
1440,0,-15,awgn,none,42001566
1441,0,-15,awgn,none,42001567
1442,0,-15,awgn,none,42001568
1443,0,-15,awgn,none,42001569
1444,0,-15,awgn,none,42001570
1445,0,-15,awgn,none,42001571
1446,0,-15,awgn,none,42001572
1447,0,-15,awgn,none,42001573
1448,0,-15,awgn,none,42001574
1449,0,-15,awgn,none,42001575
1450,0,-15,awgn,none,42001576
1451,0,-15,awgn,none,42001577
1452,0,-15,awgn,none,42001578
1453,0,-15,awgn,none,42001579
1454,0,-15,awgn,none,42001580
1455,0,-15,awgn,none,42001581
1456,0,-15,awgn,none,42001582
1457,0,-15,awgn,none,42001583
1458,0,-15,awgn,none,42001584
1459,0,-15,awgn,none,42001585
1460,0,-15,awgn,none,42001586
1461,0,-15,awgn,none,42001587
1462,0,-15,awgn,none,42001588
1463,0,-15,awgn,none,42001589
1464,0,-15,awgn,none,42001590
1465,0,-15,awgn,none,42001591
1466,0,-15,awgn,none,42001592
1467,0,-15,awgn,none,42001593
1468,0,-15,awgn,none,42001594
1469,0,-15,awgn,none,42001595
1470,0,-15,awgn,none,42001596
1471,0,-15,awgn,none,42001597
1472,0,-15,awgn,none,42001598
1473,0,-15,awgn,none,42001599
1474,0,-15,awgn,none,42001600
1475,0,-15,awgn,none,42001601
1476,0,-15,awgn,none,42001602
1477,0,-15,awgn,none,42001603
1478,0,-15,awgn,none,42001604
1479,0,-15,awgn,none,42001605
1480,0,-15,awgn,none,42001606
1481,0,-15,awgn,none,42001607
1482,0,-15,awgn,none,42001608
1483,0,-15,awgn,none,42001609
1484,0,-15,awgn,none,42001610
1485,0,-15,awgn,none,42001611
1486,0,-15,awgn,none,42001612
1487,0,-15,awgn,none,42001613
1488,0,-15,awgn,none,42001614
1489,0,-15,awgn,none,42001615
1490,0,-15,awgn,none,42001616
1491,0,-15,awgn,none,42001617
1492,0,-15,awgn,none,42001618
1493,0,-15,awgn,none,42001619
1494,0,-15,awgn,none,42001620
1495,0,-15,awgn,none,42001621
1496,0,-15,awgn,none,42001622
1497,0,-15,awgn,none,42001623
1498,0,-15,awgn,none,42001624
1499,0,-15,awgn,none,42001625
1500,0,-15,awgn,none,42001626
1501,0,-15,awgn,none,42001627
1502,0,-15,awgn,none,42001628
1503,0,-15,awgn,none,42001629
1504,0,-15,awgn,none,42001630
1505,0,-15,awgn,none,42001631
1506,0,-15,awgn,none,42001632
1507,0,-15,awgn,none,42001633
1508,0,-15,awgn,none,42001634
1509,0,-15,awgn,none,42001635
1510,0,-15,awgn,none,42001636
1511,0,-15,awgn,none,42001637
1512,0,-15,awgn,none,42001638
1513,0,-15,awgn,none,42001639
1514,0,-15,awgn,none,42001640
1515,0,-15,awgn,none,42001641
1516,0,-15,awgn,none,42001642
1517,0,-15,awgn,none,42001643
1518,0,-15,awgn,none,42001644
1519,0,-15,awgn,none,42001645
1520,0,-15,awgn,none,42001646
1521,0,-15,awgn,none,42001647
1522,0,-15,awgn,none,42001648
1523,0,-15,awgn,none,42001649
1524,0,-15,awgn,none,42001650
1525,0,-15,awgn,none,42001651
1526,0,-15,awgn,none,42001652
1527,0,-15,awgn,none,42001653
1528,0,-15,awgn,none,42001654
1529,0,-15,awgn,none,42001655
1530,0,-15,awgn,none,42001656
1531,0,-15,awgn,none,42001657
1532,0,-15,awgn,none,42001658
1533,0,-15,awgn,none,42001659
1534,0,-15,awgn,none,42001660
1535,0,-15,awgn,none,42001661
1536,0,-15,awgn,none,42001662
1537,0,-15,awgn,none,42001663
1538,0,-15,awgn,none,42001664
1539,0,-15,awgn,none,42001665
1540,0,-15,awgn,none,42001666
1541,0,-15,awgn,none,42001667
1542,0,-15,awgn,none,42001668
1543,0,-15,awgn,none,42001669
1544,0,-15,awgn,none,42001670
1545,0,-15,awgn,none,42001671
1546,0,-15,awgn,none,42001672
1547,0,-15,awgn,none,42001673
1548,0,-15,awgn,none,42001674
1549,0,-15,awgn,none,42001675
1550,0,-15,awgn,none,42001676
1551,0,-15,awgn,none,42001677
1552,0,-15,awgn,none,42001678
1553,0,-15,awgn,none,42001679
1554,0,-15,awgn,none,42001680
1555,0,-15,awgn,none,42001681
1556,0,-15,awgn,none,42001682
1557,0,-15,awgn,none,42001683
1558,0,-15,awgn,none,42001684
1559,0,-15,awgn,none,42001685
1560,0,-15,awgn,none,42001686
1561,0,-15,awgn,none,42001687
1562,0,-15,awgn,none,42001688
1563,0,-15,awgn,none,42001689
1564,0,-15,awgn,none,42001690
1565,0,-15,awgn,none,42001691
1566,0,-15,awgn,none,42001692
1567,0,-15,awgn,none,42001693
1568,0,-15,awgn,none,42001694
1569,0,-15,awgn,none,42001695
1570,0,-15,awgn,none,42001696
1571,0,-15,awgn,none,42001697
1572,0,-15,awgn,none,42001698
1573,0,-15,awgn,none,42001699
1574,0,-15,awgn,none,42001700
1575,0,-15,awgn,none,42001701
1576,0,-15,awgn,none,42001702
1577,0,-15,awgn,none,42001703
1578,0,-15,awgn,none,42001704
1579,0,-15,awgn,none,42001705
1580,0,-15,awgn,none,42001706
1581,0,-15,awgn,none,42001707
1582,0,-15,awgn,none,42001708
1583,0,-15,awgn,none,42001709
1584,0,-15,awgn,none,42001710
1585,0,-15,awgn,none,42001711
1586,0,-15,awgn,none,42001712
1587,0,-15,awgn,none,42001713
1588,0,-15,awgn,none,42001714
1589,0,-15,awgn,none,42001715
1590,0,-15,awgn,none,42001716
1591,0,-15,awgn,none,42001717
1592,0,-15,awgn,none,42001718
1593,0,-15,awgn,none,42001719
1594,0,-15,awgn,none,42001720
1595,0,-15,awgn,none,42001721
1596,0,-15,awgn,none,42001722
1597,0,-15,awgn,none,42001723
1598,0,-15,awgn,none,42001724
1599,0,-15,awgn,none,42001725
1600,1,-15,rayleigh,bpsk,42001726
1601,1,-15,rayleigh,16qam,42001727
1602,1,-15,rayleigh,16qam,42001728
1603,1,-15,rayleigh,bpsk,42001729
1604,1,-15,rayleigh,bpsk,42001730
1605,1,-15,rayleigh,bpsk,42001731
1606,1,-15,rayleigh,16qam,42001732
1607,1,-15,rayleigh,16qam,42001733
1608,1,-15,rayleigh,bpsk,42001734
1609,1,-15,rayleigh,bpsk,42001735
1610,1,-15,rayleigh,16qam,42001736
1611,1,-15,rayleigh,qpsk,42001737
1612,1,-15,rayleigh,bpsk,42001738
1613,1,-15,rayleigh,16qam,42001739
1614,1,-15,rayleigh,qpsk,42001740
1615,1,-15,rayleigh,bpsk,42001741
1616,1,-15,rayleigh,16qam,42001742
1617,1,-15,rayleigh,bpsk,42001743
1618,1,-15,rayleigh,qpsk,42001744
1619,1,-15,rayleigh,16qam,42001745
1620,1,-15,rayleigh,bpsk,42001746
1621,1,-15,rayleigh,16qam,42001747
1622,1,-15,rayleigh,qpsk,42001748
1623,1,-15,rayleigh,16qam,42001749
1624,1,-15,rayleigh,bpsk,42001750
1625,1,-15,rayleigh,qpsk,42001751
1626,1,-15,rayleigh,qpsk,42001752
1627,1,-15,rayleigh,qpsk,42001753
1628,1,-15,rayleigh,bpsk,42001754
1629,1,-15,rayleigh,16qam,42001755
1630,1,-15,rayleigh,qpsk,42001756
1631,1,-15,rayleigh,16qam,42001757
1632,1,-15,rayleigh,bpsk,42001758
1633,1,-15,rayleigh,qpsk,42001759
1634,1,-15,rayleigh,bpsk,42001760
1635,1,-15,rayleigh,bpsk,42001761
1636,1,-15,rayleigh,bpsk,42001762
1637,1,-15,rayleigh,bpsk,42001763
1638,1,-15,rayleigh,bpsk,42001764
1639,1,-15,rayleigh,qpsk,42001765
1640,1,-15,rayleigh,16qam,42001766
1641,1,-15,rayleigh,qpsk,42001767
1642,1,-15,rayleigh,qpsk,42001768
1643,1,-15,rayleigh,bpsk,42001769
1644,1,-15,rayleigh,qpsk,42001770
1645,1,-15,rayleigh,bpsk,42001771
1646,1,-15,rayleigh,qpsk,42001772
1647,1,-15,rayleigh,qpsk,42001773
1648,1,-15,rayleigh,qpsk,42001774
1649,1,-15,rayleigh,bpsk,42001775
1650,1,-15,rayleigh,qpsk,42001776
1651,1,-15,rayleigh,qpsk,42001777
1652,1,-15,rayleigh,bpsk,42001778
1653,1,-15,rayleigh,bpsk,42001779
1654,1,-15,rayleigh,16qam,42001780
1655,1,-15,rayleigh,qpsk,42001781
1656,1,-15,rayleigh,16qam,42001782
1657,1,-15,rayleigh,16qam,42001783
1658,1,-15,rayleigh,qpsk,42001784
1659,1,-15,rayleigh,16qam,42001785
1660,1,-15,rayleigh,qpsk,42001786
1661,1,-15,rayleigh,16qam,42001787
1662,1,-15,rayleigh,bpsk,42001788
1663,1,-15,rayleigh,qpsk,42001789
1664,1,-15,rayleigh,16qam,42001790
1665,1,-15,rayleigh,16qam,42001791
1666,1,-15,rayleigh,bpsk,42001792
1667,1,-15,rayleigh,bpsk,42001793
1668,1,-15,rayleigh,16qam,42001794
1669,1,-15,rayleigh,bpsk,42001795
1670,1,-15,rayleigh,bpsk,42001796
1671,1,-15,rayleigh,16qam,42001797
1672,1,-15,rayleigh,16qam,42001798
1673,1,-15,rayleigh,bpsk,42001799
1674,1,-15,rayleigh,bpsk,42001800
1675,1,-15,rayleigh,qpsk,42001801
1676,1,-15,rayleigh,16qam,42001802
1677,1,-15,rayleigh,bpsk,42001803
1678,1,-15,rayleigh,16qam,42001804
1679,1,-15,rayleigh,bpsk,42001805
1680,1,-15,rayleigh,bpsk,42001806
1681,1,-15,rayleigh,qpsk,42001807
1682,1,-15,rayleigh,qpsk,42001808
1683,1,-15,rayleigh,16qam,42001809
1684,1,-15,rayleigh,qpsk,42001810
1685,1,-15,rayleigh,bpsk,42001811
1686,1,-15,rayleigh,16qam,42001812
1687,1,-15,rayleigh,bpsk,42001813
1688,1,-15,rayleigh,16qam,42001814
1689,1,-15,rayleigh,bpsk,42001815
1690,1,-15,rayleigh,bpsk,42001816
1691,1,-15,rayleigh,bpsk,42001817
1692,1,-15,rayleigh,qpsk,42001818
1693,1,-15,rayleigh,bpsk,42001819
1694,1,-15,rayleigh,qpsk,42001820
1695,1,-15,rayleigh,16qam,42001821
1696,1,-15,rayleigh,16qam,42001822
1697,1,-15,rayleigh,16qam,42001823
1698,1,-15,rayleigh,qpsk,42001824
1699,1,-15,rayleigh,qpsk,42001825
1700,1,-15,rayleigh,qpsk,42001826
1701,1,-15,rayleigh,qpsk,42001827
1702,1,-15,rayleigh,qpsk,42001828
1703,1,-15,rayleigh,qpsk,42001829
1704,1,-15,rayleigh,bpsk,42001830
1705,1,-15,rayleigh,bpsk,42001831
1706,1,-15,rayleigh,qpsk,42001832
1707,1,-15,rayleigh,qpsk,42001833
1708,1,-15,rayleigh,16qam,42001834
1709,1,-15,rayleigh,bpsk,42001835
1710,1,-15,rayleigh,qpsk,42001836
1711,1,-15,rayleigh,16qam,42001837
1712,1,-15,rayleigh,bpsk,42001838
1713,1,-15,rayleigh,bpsk,42001839
1714,1,-15,rayleigh,bpsk,42001840
1715,1,-15,rayleigh,16qam,42001841
1716,1,-15,rayleigh,qpsk,42001842
1717,1,-15,rayleigh,16qam,42001843
1718,1,-15,rayleigh,qpsk,42001844
1719,1,-15,rayleigh,16qam,42001845
1720,1,-15,rayleigh,bpsk,42001846
1721,1,-15,rayleigh,qpsk,42001847
1722,1,-15,rayleigh,16qam,42001848
1723,1,-15,rayleigh,qpsk,42001849
1724,1,-15,rayleigh,bpsk,42001850
1725,1,-15,rayleigh,bpsk,42001851
1726,1,-15,rayleigh,16qam,42001852
1727,1,-15,rayleigh,qpsk,42001853
1728,1,-15,rayleigh,qpsk,42001854
1729,1,-15,rayleigh,qpsk,42001855
1730,1,-15,rayleigh,qpsk,42001856
1731,1,-15,rayleigh,bpsk,42001857
1732,1,-15,rayleigh,qpsk,42001858
1733,1,-15,rayleigh,16qam,42001859
1734,1,-15,rayleigh,16qam,42001860
1735,1,-15,rayleigh,16qam,42001861
1736,1,-15,rayleigh,16qam,42001862
1737,1,-15,rayleigh,bpsk,42001863
1738,1,-15,rayleigh,qpsk,42001864
1739,1,-15,rayleigh,16qam,42001865
1740,1,-15,rayleigh,qpsk,42001866
1741,1,-15,rayleigh,qpsk,42001867
1742,1,-15,rayleigh,16qam,42001868
1743,1,-15,rayleigh,16qam,42001869
1744,1,-15,rayleigh,qpsk,42001870
1745,1,-15,rayleigh,qpsk,42001871
1746,1,-15,rayleigh,qpsk,42001872
1747,1,-15,rayleigh,bpsk,42001873
1748,1,-15,rayleigh,bpsk,42001874
1749,1,-15,rayleigh,bpsk,42001875
1750,1,-15,rayleigh,qpsk,42001876
1751,1,-15,rayleigh,bpsk,42001877
1752,1,-15,rayleigh,16qam,42001878
1753,1,-15,rayleigh,bpsk,42001879
1754,1,-15,rayleigh,16qam,42001880
1755,1,-15,rayleigh,bpsk,42001881
1756,1,-15,rayleigh,qpsk,42001882
1757,1,-15,rayleigh,16qam,42001883
1758,1,-15,rayleigh,16qam,42001884
1759,1,-15,rayleigh,qpsk,42001885
1760,1,-15,rayleigh,bpsk,42001886
1761,1,-15,rayleigh,qpsk,42001887
1762,1,-15,rayleigh,qpsk,42001888
1763,1,-15,rayleigh,bpsk,42001889
1764,1,-15,rayleigh,bpsk,42001890
1765,1,-15,rayleigh,qpsk,42001891
1766,1,-15,rayleigh,bpsk,42001892
1767,1,-15,rayleigh,16qam,42001893
1768,1,-15,rayleigh,16qam,42001894
1769,1,-15,rayleigh,16qam,42001895
1770,1,-15,rayleigh,16qam,42001896
1771,1,-15,rayleigh,bpsk,42001897
1772,1,-15,rayleigh,16qam,42001898
1773,1,-15,rayleigh,qpsk,42001899
1774,1,-15,rayleigh,qpsk,42001900
1775,1,-15,rayleigh,bpsk,42001901
1776,1,-15,rayleigh,qpsk,42001902
1777,1,-15,rayleigh,bpsk,42001903
1778,1,-15,rayleigh,qpsk,42001904
1779,1,-15,rayleigh,qpsk,42001905
1780,1,-15,rayleigh,bpsk,42001906
1781,1,-15,rayleigh,qpsk,42001907
1782,1,-15,rayleigh,qpsk,42001908
1783,1,-15,rayleigh,qpsk,42001909
1784,1,-15,rayleigh,bpsk,42001910
1785,1,-15,rayleigh,bpsk,42001911
1786,1,-15,rayleigh,qpsk,42001912
1787,1,-15,rayleigh,qpsk,42001913
1788,1,-15,rayleigh,qpsk,42001914
1789,1,-15,rayleigh,qpsk,42001915
1790,1,-15,rayleigh,16qam,42001916
1791,1,-15,rayleigh,qpsk,42001917
1792,1,-15,rayleigh,qpsk,42001918
1793,1,-15,rayleigh,qpsk,42001919
1794,1,-15,rayleigh,qpsk,42001920
1795,1,-15,rayleigh,bpsk,42001921
1796,1,-15,rayleigh,qpsk,42001922
1797,1,-15,rayleigh,16qam,42001923
1798,1,-15,rayleigh,qpsk,42001924
1799,1,-15,rayleigh,qpsk,42001925
1800,0,-15,rayleigh,none,42001926
1801,0,-15,rayleigh,none,42001927
1802,0,-15,rayleigh,none,42001928
1803,0,-15,rayleigh,none,42001929
1804,0,-15,rayleigh,none,42001930
1805,0,-15,rayleigh,none,42001931
1806,0,-15,rayleigh,none,42001932
1807,0,-15,rayleigh,none,42001933
1808,0,-15,rayleigh,none,42001934
1809,0,-15,rayleigh,none,42001935
1810,0,-15,rayleigh,none,42001936
1811,0,-15,rayleigh,none,42001937
1812,0,-15,rayleigh,none,42001938
1813,0,-15,rayleigh,none,42001939
1814,0,-15,rayleigh,none,42001940
1815,0,-15,rayleigh,none,42001941
1816,0,-15,rayleigh,none,42001942
1817,0,-15,rayleigh,none,42001943
1818,0,-15,rayleigh,none,42001944
1819,0,-15,rayleigh,none,42001945
1820,0,-15,rayleigh,none,42001946
1821,0,-15,rayleigh,none,42001947
1822,0,-15,rayleigh,none,42001948
1823,0,-15,rayleigh,none,42001949
1824,0,-15,rayleigh,none,42001950
1825,0,-15,rayleigh,none,42001951
1826,0,-15,rayleigh,none,42001952
1827,0,-15,rayleigh,none,42001953
1828,0,-15,rayleigh,none,42001954
1829,0,-15,rayleigh,none,42001955
1830,0,-15,rayleigh,none,42001956
1831,0,-15,rayleigh,none,42001957
1832,0,-15,rayleigh,none,42001958
1833,0,-15,rayleigh,none,42001959
1834,0,-15,rayleigh,none,42001960
1835,0,-15,rayleigh,none,42001961
1836,0,-15,rayleigh,none,42001962
1837,0,-15,rayleigh,none,42001963
1838,0,-15,rayleigh,none,42001964
1839,0,-15,rayleigh,none,42001965
1840,0,-15,rayleigh,none,42001966
1841,0,-15,rayleigh,none,42001967
1842,0,-15,rayleigh,none,42001968
1843,0,-15,rayleigh,none,42001969
1844,0,-15,rayleigh,none,42001970
1845,0,-15,rayleigh,none,42001971
1846,0,-15,rayleigh,none,42001972
1847,0,-15,rayleigh,none,42001973
1848,0,-15,rayleigh,none,42001974
1849,0,-15,rayleigh,none,42001975
1850,0,-15,rayleigh,none,42001976
1851,0,-15,rayleigh,none,42001977
1852,0,-15,rayleigh,none,42001978
1853,0,-15,rayleigh,none,42001979
1854,0,-15,rayleigh,none,42001980
1855,0,-15,rayleigh,none,42001981
1856,0,-15,rayleigh,none,42001982
1857,0,-15,rayleigh,none,42001983
1858,0,-15,rayleigh,none,42001984
1859,0,-15,rayleigh,none,42001985
1860,0,-15,rayleigh,none,42001986
1861,0,-15,rayleigh,none,42001987
1862,0,-15,rayleigh,none,42001988
1863,0,-15,rayleigh,none,42001989
1864,0,-15,rayleigh,none,42001990
1865,0,-15,rayleigh,none,42001991
1866,0,-15,rayleigh,none,42001992
1867,0,-15,rayleigh,none,42001993
1868,0,-15,rayleigh,none,42001994
1869,0,-15,rayleigh,none,42001995
1870,0,-15,rayleigh,none,42001996
1871,0,-15,rayleigh,none,42001997
1872,0,-15,rayleigh,none,42001998
1873,0,-15,rayleigh,none,42001999
1874,0,-15,rayleigh,none,42002000
1875,0,-15,rayleigh,none,42002001
1876,0,-15,rayleigh,none,42002002
1877,0,-15,rayleigh,none,42002003
1878,0,-15,rayleigh,none,42002004
1879,0,-15,rayleigh,none,42002005
1880,0,-15,rayleigh,none,42002006
1881,0,-15,rayleigh,none,42002007
1882,0,-15,rayleigh,none,42002008
1883,0,-15,rayleigh,none,42002009
1884,0,-15,rayleigh,none,42002010
1885,0,-15,rayleigh,none,42002011
1886,0,-15,rayleigh,none,42002012
1887,0,-15,rayleigh,none,42002013
1888,0,-15,rayleigh,none,42002014
1889,0,-15,rayleigh,none,42002015
1890,0,-15,rayleigh,none,42002016
1891,0,-15,rayleigh,none,42002017
1892,0,-15,rayleigh,none,42002018
1893,0,-15,rayleigh,none,42002019
1894,0,-15,rayleigh,none,42002020
1895,0,-15,rayleigh,none,42002021
1896,0,-15,rayleigh,none,42002022
1897,0,-15,rayleigh,none,42002023
1898,0,-15,rayleigh,none,42002024
1899,0,-15,rayleigh,none,42002025
1900,0,-15,rayleigh,none,42002026
1901,0,-15,rayleigh,none,42002027
1902,0,-15,rayleigh,none,42002028
1903,0,-15,rayleigh,none,42002029
1904,0,-15,rayleigh,none,42002030
1905,0,-15,rayleigh,none,42002031
1906,0,-15,rayleigh,none,42002032
1907,0,-15,rayleigh,none,42002033
1908,0,-15,rayleigh,none,42002034
1909,0,-15,rayleigh,none,42002035
1910,0,-15,rayleigh,none,42002036
1911,0,-15,rayleigh,none,42002037
1912,0,-15,rayleigh,none,42002038
1913,0,-15,rayleigh,none,42002039
1914,0,-15,rayleigh,none,42002040
1915,0,-15,rayleigh,none,42002041
1916,0,-15,rayleigh,none,42002042
1917,0,-15,rayleigh,none,42002043
1918,0,-15,rayleigh,none,42002044
1919,0,-15,rayleigh,none,42002045
1920,0,-15,rayleigh,none,42002046
1921,0,-15,rayleigh,none,42002047
1922,0,-15,rayleigh,none,42002048
1923,0,-15,rayleigh,none,42002049
1924,0,-15,rayleigh,none,42002050
1925,0,-15,rayleigh,none,42002051
1926,0,-15,rayleigh,none,42002052
1927,0,-15,rayleigh,none,42002053
1928,0,-15,rayleigh,none,42002054
1929,0,-15,rayleigh,none,42002055
1930,0,-15,rayleigh,none,42002056
1931,0,-15,rayleigh,none,42002057
1932,0,-15,rayleigh,none,42002058
1933,0,-15,rayleigh,none,42002059
1934,0,-15,rayleigh,none,42002060
1935,0,-15,rayleigh,none,42002061
1936,0,-15,rayleigh,none,42002062
1937,0,-15,rayleigh,none,42002063
1938,0,-15,rayleigh,none,42002064
1939,0,-15,rayleigh,none,42002065
1940,0,-15,rayleigh,none,42002066
1941,0,-15,rayleigh,none,42002067
1942,0,-15,rayleigh,none,42002068
1943,0,-15,rayleigh,none,42002069
1944,0,-15,rayleigh,none,42002070
1945,0,-15,rayleigh,none,42002071
1946,0,-15,rayleigh,none,42002072
1947,0,-15,rayleigh,none,42002073
1948,0,-15,rayleigh,none,42002074
1949,0,-15,rayleigh,none,42002075
1950,0,-15,rayleigh,none,42002076
1951,0,-15,rayleigh,none,42002077
1952,0,-15,rayleigh,none,42002078
1953,0,-15,rayleigh,none,42002079
1954,0,-15,rayleigh,none,42002080
1955,0,-15,rayleigh,none,42002081
1956,0,-15,rayleigh,none,42002082
1957,0,-15,rayleigh,none,42002083
1958,0,-15,rayleigh,none,42002084
1959,0,-15,rayleigh,none,42002085
1960,0,-15,rayleigh,none,42002086
1961,0,-15,rayleigh,none,42002087
1962,0,-15,rayleigh,none,42002088
1963,0,-15,rayleigh,none,42002089
1964,0,-15,rayleigh,none,42002090
1965,0,-15,rayleigh,none,42002091
1966,0,-15,rayleigh,none,42002092
1967,0,-15,rayleigh,none,42002093
1968,0,-15,rayleigh,none,42002094
1969,0,-15,rayleigh,none,42002095
1970,0,-15,rayleigh,none,42002096
1971,0,-15,rayleigh,none,42002097
1972,0,-15,rayleigh,none,42002098
1973,0,-15,rayleigh,none,42002099
1974,0,-15,rayleigh,none,42002100
1975,0,-15,rayleigh,none,42002101
1976,0,-15,rayleigh,none,42002102
1977,0,-15,rayleigh,none,42002103
1978,0,-15,rayleigh,none,42002104
1979,0,-15,rayleigh,none,42002105
1980,0,-15,rayleigh,none,42002106
1981,0,-15,rayleigh,none,42002107
1982,0,-15,rayleigh,none,42002108
1983,0,-15,rayleigh,none,42002109
1984,0,-15,rayleigh,none,42002110
1985,0,-15,rayleigh,none,42002111
1986,0,-15,rayleigh,none,42002112
1987,0,-15,rayleigh,none,42002113
1988,0,-15,rayleigh,none,42002114
1989,0,-15,rayleigh,none,42002115
1990,0,-15,rayleigh,none,42002116
1991,0,-15,rayleigh,none,42002117
1992,0,-15,rayleigh,none,42002118
1993,0,-15,rayleigh,none,42002119
1994,0,-15,rayleigh,none,42002120
1995,0,-15,rayleigh,none,42002121
1996,0,-15,rayleigh,none,42002122
1997,0,-15,rayleigh,none,42002123
1998,0,-15,rayleigh,none,42002124
1999,0,-15,rayleigh,none,42002125
2000,1,-15,rician,16qam,42002126
2001,1,-15,rician,qpsk,42002127
2002,1,-15,rician,qpsk,42002128
2003,1,-15,rician,qpsk,42002129
2004,1,-15,rician,qpsk,42002130
2005,1,-15,rician,16qam,42002131
2006,1,-15,rician,16qam,42002132
2007,1,-15,rician,qpsk,42002133
2008,1,-15,rician,16qam,42002134
2009,1,-15,rician,16qam,42002135
2010,1,-15,rician,qpsk,42002136
2011,1,-15,rician,16qam,42002137
2012,1,-15,rician,bpsk,42002138
2013,1,-15,rician,bpsk,42002139
2014,1,-15,rician,qpsk,42002140
2015,1,-15,rician,16qam,42002141
2016,1,-15,rician,bpsk,42002142
2017,1,-15,rician,16qam,42002143
2018,1,-15,rician,bpsk,42002144
2019,1,-15,rician,16qam,42002145
2020,1,-15,rician,qpsk,42002146
2021,1,-15,rician,qpsk,42002147
2022,1,-15,rician,16qam,42002148
2023,1,-15,rician,qpsk,42002149
2024,1,-15,rician,16qam,42002150
2025,1,-15,rician,16qam,42002151
2026,1,-15,rician,qpsk,42002152
2027,1,-15,rician,bpsk,42002153
2028,1,-15,rician,bpsk,42002154
2029,1,-15,rician,qpsk,42002155
2030,1,-15,rician,16qam,42002156
2031,1,-15,rician,bpsk,42002157
2032,1,-15,rician,qpsk,42002158
2033,1,-15,rician,bpsk,42002159
2034,1,-15,rician,bpsk,42002160
2035,1,-15,rician,qpsk,42002161
2036,1,-15,rician,bpsk,42002162
2037,1,-15,rician,bpsk,42002163
2038,1,-15,rician,bpsk,42002164
2039,1,-15,rician,16qam,42002165
2040,1,-15,rician,bpsk,42002166
2041,1,-15,rician,bpsk,42002167
2042,1,-15,rician,16qam,42002168
2043,1,-15,rician,16qam,42002169
2044,1,-15,rician,qpsk,42002170
2045,1,-15,rician,16qam,42002171
2046,1,-15,rician,16qam,42002172
2047,1,-15,rician,qpsk,42002173
2048,1,-15,rician,qpsk,42002174
2049,1,-15,rician,bpsk,42002175
2050,1,-15,rician,bpsk,42002176
2051,1,-15,rician,bpsk,42002177
2052,1,-15,rician,qpsk,42002178
2053,1,-15,rician,16qam,42002179
2054,1,-15,rician,qpsk,42002180
2055,1,-15,rician,16qam,42002181
2056,1,-15,rician,16qam,42002182
2057,1,-15,rician,qpsk,42002183
2058,1,-15,rician,16qam,42002184
2059,1,-15,rician,bpsk,42002185
2060,1,-15,rician,bpsk,42002186
2061,1,-15,rician,qpsk,42002187
2062,1,-15,rician,qpsk,42002188
2063,1,-15,rician,16qam,42002189
2064,1,-15,rician,bpsk,42002190
2065,1,-15,rician,bpsk,42002191
2066,1,-15,rician,16qam,42002192
2067,1,-15,rician,qpsk,42002193
2068,1,-15,rician,bpsk,42002194
2069,1,-15,rician,bpsk,42002195
2070,1,-15,rician,bpsk,42002196
2071,1,-15,rician,qpsk,42002197
2072,1,-15,rician,bpsk,42002198
2073,1,-15,rician,qpsk,42002199
2074,1,-15,rician,16qam,42002200
2075,1,-15,rician,16qam,42002201
2076,1,-15,rician,qpsk,42002202
2077,1,-15,rician,qpsk,42002203
2078,1,-15,rician,bpsk,42002204
2079,1,-15,rician,qpsk,42002205
2080,1,-15,rician,16qam,42002206
2081,1,-15,rician,16qam,42002207
2082,1,-15,rician,16qam,42002208
2083,1,-15,rician,16qam,42002209
2084,1,-15,rician,16qam,42002210
2085,1,-15,rician,qpsk,42002211
2086,1,-15,rician,16qam,42002212
2087,1,-15,rician,16qam,42002213
2088,1,-15,rician,qpsk,42002214
2089,1,-15,rician,bpsk,42002215
2090,1,-15,rician,qpsk,42002216
2091,1,-15,rician,qpsk,42002217
2092,1,-15,rician,qpsk,42002218
2093,1,-15,rician,16qam,42002219
2094,1,-15,rician,16qam,42002220
2095,1,-15,rician,bpsk,42002221
2096,1,-15,rician,16qam,42002222
2097,1,-15,rician,bpsk,42002223
2098,1,-15,rician,16qam,42002224
2099,1,-15,rician,bpsk,42002225
2100,1,-15,rician,bpsk,42002226
2101,1,-15,rician,bpsk,42002227
2102,1,-15,rician,qpsk,42002228
2103,1,-15,rician,bpsk,42002229
2104,1,-15,rician,16qam,42002230
2105,1,-15,rician,bpsk,42002231
2106,1,-15,rician,16qam,42002232
2107,1,-15,rician,bpsk,42002233
2108,1,-15,rician,bpsk,42002234
2109,1,-15,rician,16qam,42002235
2110,1,-15,rician,bpsk,42002236
2111,1,-15,rician,16qam,42002237
2112,1,-15,rician,qpsk,42002238
2113,1,-15,rician,16qam,42002239
2114,1,-15,rician,bpsk,42002240
2115,1,-15,rician,qpsk,42002241
2116,1,-15,rician,qpsk,42002242
2117,1,-15,rician,bpsk,42002243
2118,1,-15,rician,bpsk,42002244
2119,1,-15,rician,qpsk,42002245
2120,1,-15,rician,bpsk,42002246
2121,1,-15,rician,qpsk,42002247
2122,1,-15,rician,qpsk,42002248
2123,1,-15,rician,16qam,42002249
2124,1,-15,rician,16qam,42002250
2125,1,-15,rician,bpsk,42002251
2126,1,-15,rician,bpsk,42002252
2127,1,-15,rician,bpsk,42002253
2128,1,-15,rician,qpsk,42002254
2129,1,-15,rician,bpsk,42002255
2130,1,-15,rician,16qam,42002256
2131,1,-15,rician,qpsk,42002257
2132,1,-15,rician,qpsk,42002258
2133,1,-15,rician,qpsk,42002259
2134,1,-15,rician,16qam,42002260
2135,1,-15,rician,bpsk,42002261
2136,1,-15,rician,qpsk,42002262
2137,1,-15,rician,16qam,42002263
2138,1,-15,rician,bpsk,42002264
2139,1,-15,rician,qpsk,42002265
2140,1,-15,rician,bpsk,42002266
2141,1,-15,rician,qpsk,42002267
2142,1,-15,rician,16qam,42002268
2143,1,-15,rician,16qam,42002269
2144,1,-15,rician,qpsk,42002270
2145,1,-15,rician,bpsk,42002271
2146,1,-15,rician,qpsk,42002272
2147,1,-15,rician,16qam,42002273
2148,1,-15,rician,16qam,42002274
2149,1,-15,rician,bpsk,42002275
2150,1,-15,rician,qpsk,42002276
2151,1,-15,rician,qpsk,42002277
2152,1,-15,rician,16qam,42002278
2153,1,-15,rician,16qam,42002279
2154,1,-15,rician,bpsk,42002280
2155,1,-15,rician,bpsk,42002281
2156,1,-15,rician,bpsk,42002282
2157,1,-15,rician,16qam,42002283
2158,1,-15,rician,qpsk,42002284
2159,1,-15,rician,16qam,42002285
2160,1,-15,rician,bpsk,42002286
2161,1,-15,rician,bpsk,42002287
2162,1,-15,rician,bpsk,42002288
2163,1,-15,rician,16qam,42002289
2164,1,-15,rician,bpsk,42002290
2165,1,-15,rician,16qam,42002291
2166,1,-15,rician,bpsk,42002292
2167,1,-15,rician,bpsk,42002293
2168,1,-15,rician,qpsk,42002294
2169,1,-15,rician,bpsk,42002295
2170,1,-15,rician,bpsk,42002296
2171,1,-15,rician,16qam,42002297
2172,1,-15,rician,bpsk,42002298
2173,1,-15,rician,bpsk,42002299
2174,1,-15,rician,qpsk,42002300
2175,1,-15,rician,bpsk,42002301
2176,1,-15,rician,16qam,42002302
2177,1,-15,rician,qpsk,42002303
2178,1,-15,rician,bpsk,42002304
2179,1,-15,rician,qpsk,42002305
2180,1,-15,rician,16qam,42002306
2181,1,-15,rician,bpsk,42002307
2182,1,-15,rician,bpsk,42002308
2183,1,-15,rician,16qam,42002309
2184,1,-15,rician,qpsk,42002310
2185,1,-15,rician,bpsk,42002311
2186,1,-15,rician,16qam,42002312
2187,1,-15,rician,16qam,42002313
2188,1,-15,rician,bpsk,42002314
2189,1,-15,rician,16qam,42002315
2190,1,-15,rician,bpsk,42002316
2191,1,-15,rician,bpsk,42002317
2192,1,-15,rician,bpsk,42002318
2193,1,-15,rician,16qam,42002319
2194,1,-15,rician,bpsk,42002320
2195,1,-15,rician,bpsk,42002321
2196,1,-15,rician,16qam,42002322
2197,1,-15,rician,bpsk,42002323
2198,1,-15,rician,qpsk,42002324
2199,1,-15,rician,16qam,42002325
2200,0,-15,rician,none,42002326
2201,0,-15,rician,none,42002327
2202,0,-15,rician,none,42002328
2203,0,-15,rician,none,42002329
2204,0,-15,rician,none,42002330
2205,0,-15,rician,none,42002331
2206,0,-15,rician,none,42002332
2207,0,-15,rician,none,42002333
2208,0,-15,rician,none,42002334
2209,0,-15,rician,none,42002335
2210,0,-15,rician,none,42002336
2211,0,-15,rician,none,42002337
2212,0,-15,rician,none,42002338
2213,0,-15,rician,none,42002339
2214,0,-15,rician,none,42002340
2215,0,-15,rician,none,42002341
2216,0,-15,rician,none,42002342
2217,0,-15,rician,none,42002343
2218,0,-15,rician,none,42002344
2219,0,-15,rician,none,42002345
2220,0,-15,rician,none,42002346
2221,0,-15,rician,none,42002347
2222,0,-15,rician,none,42002348
2223,0,-15,rician,none,42002349
2224,0,-15,rician,none,42002350
2225,0,-15,rician,none,42002351
2226,0,-15,rician,none,42002352
2227,0,-15,rician,none,42002353
2228,0,-15,rician,none,42002354
2229,0,-15,rician,none,42002355
2230,0,-15,rician,none,42002356
2231,0,-15,rician,none,42002357
2232,0,-15,rician,none,42002358
2233,0,-15,rician,none,42002359
2234,0,-15,rician,none,42002360
2235,0,-15,rician,none,42002361
2236,0,-15,rician,none,42002362
2237,0,-15,rician,none,42002363
2238,0,-15,rician,none,42002364
2239,0,-15,rician,none,42002365
2240,0,-15,rician,none,42002366
2241,0,-15,rician,none,42002367
2242,0,-15,rician,none,42002368
2243,0,-15,rician,none,42002369
2244,0,-15,rician,none,42002370
2245,0,-15,rician,none,42002371
2246,0,-15,rician,none,42002372
2247,0,-15,rician,none,42002373
2248,0,-15,rician,none,42002374
2249,0,-15,rician,none,42002375
2250,0,-15,rician,none,42002376
2251,0,-15,rician,none,42002377
2252,0,-15,rician,none,42002378
2253,0,-15,rician,none,42002379
2254,0,-15,rician,none,42002380
2255,0,-15,rician,none,42002381
2256,0,-15,rician,none,42002382
2257,0,-15,rician,none,42002383
2258,0,-15,rician,none,42002384
2259,0,-15,rician,none,42002385
2260,0,-15,rician,none,42002386
2261,0,-15,rician,none,42002387
2262,0,-15,rician,none,42002388
2263,0,-15,rician,none,42002389
2264,0,-15,rician,none,42002390
2265,0,-15,rician,none,42002391
2266,0,-15,rician,none,42002392
2267,0,-15,rician,none,42002393
2268,0,-15,rician,none,42002394
2269,0,-15,rician,none,42002395
2270,0,-15,rician,none,42002396
2271,0,-15,rician,none,42002397
2272,0,-15,rician,none,42002398
2273,0,-15,rician,none,42002399
2274,0,-15,rician,none,42002400
2275,0,-15,rician,none,42002401
2276,0,-15,rician,none,42002402
2277,0,-15,rician,none,42002403
2278,0,-15,rician,none,42002404
2279,0,-15,rician,none,42002405
2280,0,-15,rician,none,42002406
2281,0,-15,rician,none,42002407
2282,0,-15,rician,none,42002408
2283,0,-15,rician,none,42002409
2284,0,-15,rician,none,42002410
2285,0,-15,rician,none,42002411
2286,0,-15,rician,none,42002412
2287,0,-15,rician,none,42002413
2288,0,-15,rician,none,42002414
2289,0,-15,rician,none,42002415
2290,0,-15,rician,none,42002416
2291,0,-15,rician,none,42002417
2292,0,-15,rician,none,42002418
2293,0,-15,rician,none,42002419
2294,0,-15,rician,none,42002420
2295,0,-15,rician,none,42002421
2296,0,-15,rician,none,42002422
2297,0,-15,rician,none,42002423
2298,0,-15,rician,none,42002424
2299,0,-15,rician,none,42002425
2300,0,-15,rician,none,42002426
2301,0,-15,rician,none,42002427
2302,0,-15,rician,none,42002428
2303,0,-15,rician,none,42002429
2304,0,-15,rician,none,42002430
2305,0,-15,rician,none,42002431
2306,0,-15,rician,none,42002432
2307,0,-15,rician,none,42002433
2308,0,-15,rician,none,42002434
2309,0,-15,rician,none,42002435
2310,0,-15,rician,none,42002436
2311,0,-15,rician,none,42002437
2312,0,-15,rician,none,42002438
2313,0,-15,rician,none,42002439
2314,0,-15,rician,none,42002440
2315,0,-15,rician,none,42002441
2316,0,-15,rician,none,42002442
2317,0,-15,rician,none,42002443
2318,0,-15,rician,none,42002444
2319,0,-15,rician,none,42002445
2320,0,-15,rician,none,42002446
2321,0,-15,rician,none,42002447
2322,0,-15,rician,none,42002448
2323,0,-15,rician,none,42002449
2324,0,-15,rician,none,42002450
2325,0,-15,rician,none,42002451
2326,0,-15,rician,none,42002452
2327,0,-15,rician,none,42002453
2328,0,-15,rician,none,42002454
2329,0,-15,rician,none,42002455
2330,0,-15,rician,none,42002456
2331,0,-15,rician,none,42002457
2332,0,-15,rician,none,42002458
2333,0,-15,rician,none,42002459
2334,0,-15,rician,none,42002460
2335,0,-15,rician,none,42002461
2336,0,-15,rician,none,42002462
2337,0,-15,rician,none,42002463
2338,0,-15,rician,none,42002464
2339,0,-15,rician,none,42002465
2340,0,-15,rician,none,42002466
2341,0,-15,rician,none,42002467
2342,0,-15,rician,none,42002468
2343,0,-15,rician,none,42002469
2344,0,-15,rician,none,42002470
2345,0,-15,rician,none,42002471
2346,0,-15,rician,none,42002472
2347,0,-15,rician,none,42002473
2348,0,-15,rician,none,42002474
2349,0,-15,rician,none,42002475
2350,0,-15,rician,none,42002476
2351,0,-15,rician,none,42002477
2352,0,-15,rician,none,42002478
2353,0,-15,rician,none,42002479
2354,0,-15,rician,none,42002480
2355,0,-15,rician,none,42002481
2356,0,-15,rician,none,42002482
2357,0,-15,rician,none,42002483
2358,0,-15,rician,none,42002484
2359,0,-15,rician,none,42002485
2360,0,-15,rician,none,42002486
2361,0,-15,rician,none,42002487
2362,0,-15,rician,none,42002488
2363,0,-15,rician,none,42002489
2364,0,-15,rician,none,42002490
2365,0,-15,rician,none,42002491
2366,0,-15,rician,none,42002492
2367,0,-15,rician,none,42002493
2368,0,-15,rician,none,42002494
2369,0,-15,rician,none,42002495
2370,0,-15,rician,none,42002496
2371,0,-15,rician,none,42002497
2372,0,-15,rician,none,42002498
2373,0,-15,rician,none,42002499
2374,0,-15,rician,none,42002500
2375,0,-15,rician,none,42002501
2376,0,-15,rician,none,42002502
2377,0,-15,rician,none,42002503
2378,0,-15,rician,none,42002504
2379,0,-15,rician,none,42002505
2380,0,-15,rician,none,42002506
2381,0,-15,rician,none,42002507
2382,0,-15,rician,none,42002508
2383,0,-15,rician,none,42002509
2384,0,-15,rician,none,42002510
2385,0,-15,rician,none,42002511
2386,0,-15,rician,none,42002512
2387,0,-15,rician,none,42002513
2388,0,-15,rician,none,42002514
2389,0,-15,rician,none,42002515
2390,0,-15,rician,none,42002516
2391,0,-15,rician,none,42002517
2392,0,-15,rician,none,42002518
2393,0,-15,rician,none,42002519
2394,0,-15,rician,none,42002520
2395,0,-15,rician,none,42002521
2396,0,-15,rician,none,42002522
2397,0,-15,rician,none,42002523
2398,0,-15,rician,none,42002524
2399,0,-15,rician,none,42002525
2400,1,-10,awgn,qpsk,42002526
2401,1,-10,awgn,16qam,42002527
2402,1,-10,awgn,16qam,42002528
2403,1,-10,awgn,16qam,42002529
2404,1,-10,awgn,16qam,42002530
2405,1,-10,awgn,bpsk,42002531
2406,1,-10,awgn,bpsk,42002532
2407,1,-10,awgn,bpsk,42002533
2408,1,-10,awgn,bpsk,42002534
2409,1,-10,awgn,bpsk,42002535
2410,1,-10,awgn,16qam,42002536
2411,1,-10,awgn,bpsk,42002537
2412,1,-10,awgn,bpsk,42002538
2413,1,-10,awgn,bpsk,42002539
2414,1,-10,awgn,qpsk,42002540
2415,1,-10,awgn,bpsk,42002541
2416,1,-10,awgn,bpsk,42002542
2417,1,-10,awgn,qpsk,42002543
2418,1,-10,awgn,bpsk,42002544
2419,1,-10,awgn,bpsk,42002545
2420,1,-10,awgn,bpsk,42002546
2421,1,-10,awgn,bpsk,42002547
2422,1,-10,awgn,bpsk,42002548
2423,1,-10,awgn,16qam,42002549
2424,1,-10,awgn,16qam,42002550
2425,1,-10,awgn,bpsk,42002551
2426,1,-10,awgn,bpsk,42002552
2427,1,-10,awgn,bpsk,42002553
2428,1,-10,awgn,16qam,42002554
2429,1,-10,awgn,16qam,42002555
2430,1,-10,awgn,qpsk,42002556
2431,1,-10,awgn,qpsk,42002557
2432,1,-10,awgn,qpsk,42002558
2433,1,-10,awgn,qpsk,42002559
2434,1,-10,awgn,16qam,42002560
2435,1,-10,awgn,bpsk,42002561
2436,1,-10,awgn,qpsk,42002562
2437,1,-10,awgn,16qam,42002563
2438,1,-10,awgn,qpsk,42002564
2439,1,-10,awgn,qpsk,42002565
2440,1,-10,awgn,qpsk,42002566
2441,1,-10,awgn,16qam,42002567
2442,1,-10,awgn,bpsk,42002568
2443,1,-10,awgn,bpsk,42002569
2444,1,-10,awgn,qpsk,42002570
2445,1,-10,awgn,16qam,42002571
2446,1,-10,awgn,16qam,42002572
2447,1,-10,awgn,bpsk,42002573
2448,1,-10,awgn,bpsk,42002574
2449,1,-10,awgn,bpsk,42002575
2450,1,-10,awgn,qpsk,42002576
2451,1,-10,awgn,bpsk,42002577
2452,1,-10,awgn,bpsk,42002578
2453,1,-10,awgn,bpsk,42002579
2454,1,-10,awgn,bpsk,42002580
2455,1,-10,awgn,16qam,42002581
2456,1,-10,awgn,bpsk,42002582
2457,1,-10,awgn,qpsk,42002583
2458,1,-10,awgn,bpsk,42002584
2459,1,-10,awgn,16qam,42002585
2460,1,-10,awgn,16qam,42002586
2461,1,-10,awgn,16qam,42002587
2462,1,-10,awgn,qpsk,42002588
2463,1,-10,awgn,16qam,42002589
2464,1,-10,awgn,bpsk,42002590
2465,1,-10,awgn,16qam,42002591
2466,1,-10,awgn,qpsk,42002592
2467,1,-10,awgn,bpsk,42002593
2468,1,-10,awgn,qpsk,42002594
2469,1,-10,awgn,qpsk,42002595
2470,1,-10,awgn,qpsk,42002596
2471,1,-10,awgn,qpsk,42002597
2472,1,-10,awgn,bpsk,42002598
2473,1,-10,awgn,16qam,42002599
2474,1,-10,awgn,qpsk,42002600
2475,1,-10,awgn,16qam,42002601
2476,1,-10,awgn,qpsk,42002602
2477,1,-10,awgn,bpsk,42002603
2478,1,-10,awgn,qpsk,42002604
2479,1,-10,awgn,bpsk,42002605
2480,1,-10,awgn,qpsk,42002606
2481,1,-10,awgn,bpsk,42002607
2482,1,-10,awgn,16qam,42002608
2483,1,-10,awgn,16qam,42002609
2484,1,-10,awgn,qpsk,42002610
2485,1,-10,awgn,bpsk,42002611
2486,1,-10,awgn,qpsk,42002612
2487,1,-10,awgn,bpsk,42002613
2488,1,-10,awgn,16qam,42002614
2489,1,-10,awgn,16qam,42002615
2490,1,-10,awgn,16qam,42002616
2491,1,-10,awgn,qpsk,42002617
2492,1,-10,awgn,bpsk,42002618
2493,1,-10,awgn,16qam,42002619
2494,1,-10,awgn,qpsk,42002620
2495,1,-10,awgn,bpsk,42002621
2496,1,-10,awgn,qpsk,42002622
2497,1,-10,awgn,bpsk,42002623
2498,1,-10,awgn,16qam,42002624
2499,1,-10,awgn,qpsk,42002625
2500,1,-10,awgn,bpsk,42002626
2501,1,-10,awgn,bpsk,42002627
2502,1,-10,awgn,16qam,42002628
2503,1,-10,awgn,bpsk,42002629
2504,1,-10,awgn,bpsk,42002630
2505,1,-10,awgn,bpsk,42002631
2506,1,-10,awgn,qpsk,42002632
2507,1,-10,awgn,bpsk,42002633
2508,1,-10,awgn,16qam,42002634
2509,1,-10,awgn,qpsk,42002635
2510,1,-10,awgn,bpsk,42002636
2511,1,-10,awgn,bpsk,42002637
2512,1,-10,awgn,bpsk,42002638
2513,1,-10,awgn,16qam,42002639
2514,1,-10,awgn,bpsk,42002640
2515,1,-10,awgn,bpsk,42002641
2516,1,-10,awgn,bpsk,42002642
2517,1,-10,awgn,bpsk,42002643
2518,1,-10,awgn,qpsk,42002644
2519,1,-10,awgn,bpsk,42002645
2520,1,-10,awgn,qpsk,42002646
2521,1,-10,awgn,16qam,42002647
2522,1,-10,awgn,16qam,42002648
2523,1,-10,awgn,qpsk,42002649
2524,1,-10,awgn,16qam,42002650
2525,1,-10,awgn,qpsk,42002651
2526,1,-10,awgn,qpsk,42002652
2527,1,-10,awgn,bpsk,42002653
2528,1,-10,awgn,qpsk,42002654
2529,1,-10,awgn,bpsk,42002655
2530,1,-10,awgn,bpsk,42002656
2531,1,-10,awgn,bpsk,42002657
2532,1,-10,awgn,qpsk,42002658
2533,1,-10,awgn,bpsk,42002659
2534,1,-10,awgn,bpsk,42002660
2535,1,-10,awgn,16qam,42002661
2536,1,-10,awgn,16qam,42002662
2537,1,-10,awgn,bpsk,42002663
2538,1,-10,awgn,qpsk,42002664
2539,1,-10,awgn,bpsk,42002665
2540,1,-10,awgn,bpsk,42002666
2541,1,-10,awgn,16qam,42002667
2542,1,-10,awgn,bpsk,42002668
2543,1,-10,awgn,16qam,42002669
2544,1,-10,awgn,16qam,42002670
2545,1,-10,awgn,bpsk,42002671
2546,1,-10,awgn,qpsk,42002672
2547,1,-10,awgn,qpsk,42002673
2548,1,-10,awgn,16qam,42002674
2549,1,-10,awgn,bpsk,42002675
2550,1,-10,awgn,16qam,42002676
2551,1,-10,awgn,16qam,42002677
2552,1,-10,awgn,bpsk,42002678
2553,1,-10,awgn,bpsk,42002679
2554,1,-10,awgn,bpsk,42002680
2555,1,-10,awgn,qpsk,42002681
2556,1,-10,awgn,16qam,42002682
2557,1,-10,awgn,16qam,42002683
2558,1,-10,awgn,bpsk,42002684
2559,1,-10,awgn,qpsk,42002685
2560,1,-10,awgn,qpsk,42002686
2561,1,-10,awgn,bpsk,42002687
2562,1,-10,awgn,qpsk,42002688
2563,1,-10,awgn,bpsk,42002689
2564,1,-10,awgn,qpsk,42002690
2565,1,-10,awgn,qpsk,42002691
2566,1,-10,awgn,16qam,42002692
2567,1,-10,awgn,qpsk,42002693
2568,1,-10,awgn,bpsk,42002694
2569,1,-10,awgn,16qam,42002695
2570,1,-10,awgn,bpsk,42002696
2571,1,-10,awgn,bpsk,42002697
2572,1,-10,awgn,qpsk,42002698
2573,1,-10,awgn,16qam,42002699
2574,1,-10,awgn,qpsk,42002700
2575,1,-10,awgn,16qam,42002701
2576,1,-10,awgn,16qam,42002702
2577,1,-10,awgn,16qam,42002703
2578,1,-10,awgn,qpsk,42002704
2579,1,-10,awgn,bpsk,42002705
2580,1,-10,awgn,bpsk,42002706
2581,1,-10,awgn,16qam,42002707
2582,1,-10,awgn,qpsk,42002708
2583,1,-10,awgn,qpsk,42002709
2584,1,-10,awgn,qpsk,42002710
2585,1,-10,awgn,16qam,42002711
2586,1,-10,awgn,qpsk,42002712
2587,1,-10,awgn,qpsk,42002713
2588,1,-10,awgn,qpsk,42002714
2589,1,-10,awgn,16qam,42002715
2590,1,-10,awgn,qpsk,42002716
2591,1,-10,awgn,bpsk,42002717
2592,1,-10,awgn,16qam,42002718
2593,1,-10,awgn,bpsk,42002719
2594,1,-10,awgn,16qam,42002720
2595,1,-10,awgn,bpsk,42002721
2596,1,-10,awgn,bpsk,42002722
2597,1,-10,awgn,qpsk,42002723
2598,1,-10,awgn,bpsk,42002724
2599,1,-10,awgn,bpsk,42002725
2600,0,-10,awgn,none,42002726
2601,0,-10,awgn,none,42002727
2602,0,-10,awgn,none,42002728
2603,0,-10,awgn,none,42002729
2604,0,-10,awgn,none,42002730
2605,0,-10,awgn,none,42002731
2606,0,-10,awgn,none,42002732
2607,0,-10,awgn,none,42002733
2608,0,-10,awgn,none,42002734
2609,0,-10,awgn,none,42002735
2610,0,-10,awgn,none,42002736
2611,0,-10,awgn,none,42002737
2612,0,-10,awgn,none,42002738
2613,0,-10,awgn,none,42002739
2614,0,-10,awgn,none,42002740
2615,0,-10,awgn,none,42002741
2616,0,-10,awgn,none,42002742
2617,0,-10,awgn,none,42002743
2618,0,-10,awgn,none,42002744
2619,0,-10,awgn,none,42002745
2620,0,-10,awgn,none,42002746
2621,0,-10,awgn,none,42002747
2622,0,-10,awgn,none,42002748
2623,0,-10,awgn,none,42002749
2624,0,-10,awgn,none,42002750
2625,0,-10,awgn,none,42002751
2626,0,-10,awgn,none,42002752
2627,0,-10,awgn,none,42002753
2628,0,-10,awgn,none,42002754
2629,0,-10,awgn,none,42002755
2630,0,-10,awgn,none,42002756
2631,0,-10,awgn,none,42002757
2632,0,-10,awgn,none,42002758
2633,0,-10,awgn,none,42002759
2634,0,-10,awgn,none,42002760
2635,0,-10,awgn,none,42002761
2636,0,-10,awgn,none,42002762
2637,0,-10,awgn,none,42002763
2638,0,-10,awgn,none,42002764
2639,0,-10,awgn,none,42002765
2640,0,-10,awgn,none,42002766
2641,0,-10,awgn,none,42002767
2642,0,-10,awgn,none,42002768
2643,0,-10,awgn,none,42002769
2644,0,-10,awgn,none,42002770
2645,0,-10,awgn,none,42002771
2646,0,-10,awgn,none,42002772
2647,0,-10,awgn,none,42002773
2648,0,-10,awgn,none,42002774
2649,0,-10,awgn,none,42002775
2650,0,-10,awgn,none,42002776
2651,0,-10,awgn,none,42002777
2652,0,-10,awgn,none,42002778
2653,0,-10,awgn,none,42002779
2654,0,-10,awgn,none,42002780
2655,0,-10,awgn,none,42002781
2656,0,-10,awgn,none,42002782
2657,0,-10,awgn,none,42002783
2658,0,-10,awgn,none,42002784
2659,0,-10,awgn,none,42002785
2660,0,-10,awgn,none,42002786
2661,0,-10,awgn,none,42002787
2662,0,-10,awgn,none,42002788
2663,0,-10,awgn,none,42002789
2664,0,-10,awgn,none,42002790
2665,0,-10,awgn,none,42002791
2666,0,-10,awgn,none,42002792
2667,0,-10,awgn,none,42002793
2668,0,-10,awgn,none,42002794
2669,0,-10,awgn,none,42002795
2670,0,-10,awgn,none,42002796
2671,0,-10,awgn,none,42002797
2672,0,-10,awgn,none,42002798
2673,0,-10,awgn,none,42002799
2674,0,-10,awgn,none,42002800
2675,0,-10,awgn,none,42002801
2676,0,-10,awgn,none,42002802
2677,0,-10,awgn,none,42002803
2678,0,-10,awgn,none,42002804
2679,0,-10,awgn,none,42002805
2680,0,-10,awgn,none,42002806
2681,0,-10,awgn,none,42002807
2682,0,-10,awgn,none,42002808
2683,0,-10,awgn,none,42002809
2684,0,-10,awgn,none,42002810
2685,0,-10,awgn,none,42002811
2686,0,-10,awgn,none,42002812
2687,0,-10,awgn,none,42002813
2688,0,-10,awgn,none,42002814
2689,0,-10,awgn,none,42002815
2690,0,-10,awgn,none,42002816
2691,0,-10,awgn,none,42002817
2692,0,-10,awgn,none,42002818
2693,0,-10,awgn,none,42002819
2694,0,-10,awgn,none,42002820
2695,0,-10,awgn,none,42002821
2696,0,-10,awgn,none,42002822
2697,0,-10,awgn,none,42002823
2698,0,-10,awgn,none,42002824
2699,0,-10,awgn,none,42002825
2700,0,-10,awgn,none,42002826
2701,0,-10,awgn,none,42002827
2702,0,-10,awgn,none,42002828
2703,0,-10,awgn,none,42002829
2704,0,-10,awgn,none,42002830
2705,0,-10,awgn,none,42002831
2706,0,-10,awgn,none,42002832
2707,0,-10,awgn,none,42002833
2708,0,-10,awgn,none,42002834
2709,0,-10,awgn,none,42002835
2710,0,-10,awgn,none,42002836
2711,0,-10,awgn,none,42002837
2712,0,-10,awgn,none,42002838
2713,0,-10,awgn,none,42002839
2714,0,-10,awgn,none,42002840
2715,0,-10,awgn,none,42002841
2716,0,-10,awgn,none,42002842
2717,0,-10,awgn,none,42002843
2718,0,-10,awgn,none,42002844
2719,0,-10,awgn,none,42002845
2720,0,-10,awgn,none,42002846
2721,0,-10,awgn,none,42002847
2722,0,-10,awgn,none,42002848
2723,0,-10,awgn,none,42002849
2724,0,-10,awgn,none,42002850
2725,0,-10,awgn,none,42002851
2726,0,-10,awgn,none,42002852
2727,0,-10,awgn,none,42002853
2728,0,-10,awgn,none,42002854
2729,0,-10,awgn,none,42002855
2730,0,-10,awgn,none,42002856
2731,0,-10,awgn,none,42002857
2732,0,-10,awgn,none,42002858
2733,0,-10,awgn,none,42002859
2734,0,-10,awgn,none,42002860
2735,0,-10,awgn,none,42002861
2736,0,-10,awgn,none,42002862
2737,0,-10,awgn,none,42002863
2738,0,-10,awgn,none,42002864
2739,0,-10,awgn,none,42002865
2740,0,-10,awgn,none,42002866
2741,0,-10,awgn,none,42002867
2742,0,-10,awgn,none,42002868
2743,0,-10,awgn,none,42002869
2744,0,-10,awgn,none,42002870
2745,0,-10,awgn,none,42002871
2746,0,-10,awgn,none,42002872
2747,0,-10,awgn,none,42002873
2748,0,-10,awgn,none,42002874
2749,0,-10,awgn,none,42002875
2750,0,-10,awgn,none,42002876
2751,0,-10,awgn,none,42002877
2752,0,-10,awgn,none,42002878
2753,0,-10,awgn,none,42002879
2754,0,-10,awgn,none,42002880
2755,0,-10,awgn,none,42002881
2756,0,-10,awgn,none,42002882
2757,0,-10,awgn,none,42002883
2758,0,-10,awgn,none,42002884
2759,0,-10,awgn,none,42002885
2760,0,-10,awgn,none,42002886
2761,0,-10,awgn,none,42002887
2762,0,-10,awgn,none,42002888
2763,0,-10,awgn,none,42002889
2764,0,-10,awgn,none,42002890
2765,0,-10,awgn,none,42002891
2766,0,-10,awgn,none,42002892
2767,0,-10,awgn,none,42002893
2768,0,-10,awgn,none,42002894
2769,0,-10,awgn,none,42002895
2770,0,-10,awgn,none,42002896
2771,0,-10,awgn,none,42002897
2772,0,-10,awgn,none,42002898
2773,0,-10,awgn,none,42002899
2774,0,-10,awgn,none,42002900
2775,0,-10,awgn,none,42002901
2776,0,-10,awgn,none,42002902
2777,0,-10,awgn,none,42002903
2778,0,-10,awgn,none,42002904
2779,0,-10,awgn,none,42002905
2780,0,-10,awgn,none,42002906
2781,0,-10,awgn,none,42002907
2782,0,-10,awgn,none,42002908
2783,0,-10,awgn,none,42002909
2784,0,-10,awgn,none,42002910
2785,0,-10,awgn,none,42002911
2786,0,-10,awgn,none,42002912
2787,0,-10,awgn,none,42002913
2788,0,-10,awgn,none,42002914
2789,0,-10,awgn,none,42002915
2790,0,-10,awgn,none,42002916
2791,0,-10,awgn,none,42002917
2792,0,-10,awgn,none,42002918
2793,0,-10,awgn,none,42002919
2794,0,-10,awgn,none,42002920
2795,0,-10,awgn,none,42002921
2796,0,-10,awgn,none,42002922
2797,0,-10,awgn,none,42002923
2798,0,-10,awgn,none,42002924
2799,0,-10,awgn,none,42002925
2800,1,-10,rayleigh,bpsk,42002926
2801,1,-10,rayleigh,qpsk,42002927
2802,1,-10,rayleigh,qpsk,42002928
2803,1,-10,rayleigh,16qam,42002929
2804,1,-10,rayleigh,16qam,42002930
2805,1,-10,rayleigh,16qam,42002931
2806,1,-10,rayleigh,bpsk,42002932
2807,1,-10,rayleigh,qpsk,42002933
2808,1,-10,rayleigh,bpsk,42002934
2809,1,-10,rayleigh,bpsk,42002935
2810,1,-10,rayleigh,bpsk,42002936
2811,1,-10,rayleigh,16qam,42002937
2812,1,-10,rayleigh,bpsk,42002938
2813,1,-10,rayleigh,bpsk,42002939
2814,1,-10,rayleigh,qpsk,42002940
2815,1,-10,rayleigh,qpsk,42002941
2816,1,-10,rayleigh,qpsk,42002942
2817,1,-10,rayleigh,qpsk,42002943
2818,1,-10,rayleigh,bpsk,42002944
2819,1,-10,rayleigh,qpsk,42002945
2820,1,-10,rayleigh,qpsk,42002946
2821,1,-10,rayleigh,16qam,42002947
2822,1,-10,rayleigh,qpsk,42002948
2823,1,-10,rayleigh,bpsk,42002949
2824,1,-10,rayleigh,bpsk,42002950
2825,1,-10,rayleigh,bpsk,42002951
2826,1,-10,rayleigh,qpsk,42002952
2827,1,-10,rayleigh,bpsk,42002953
2828,1,-10,rayleigh,bpsk,42002954
2829,1,-10,rayleigh,qpsk,42002955
2830,1,-10,rayleigh,16qam,42002956
2831,1,-10,rayleigh,qpsk,42002957
2832,1,-10,rayleigh,bpsk,42002958
2833,1,-10,rayleigh,qpsk,42002959
2834,1,-10,rayleigh,bpsk,42002960
2835,1,-10,rayleigh,qpsk,42002961
2836,1,-10,rayleigh,16qam,42002962
2837,1,-10,rayleigh,bpsk,42002963
2838,1,-10,rayleigh,bpsk,42002964
2839,1,-10,rayleigh,qpsk,42002965
2840,1,-10,rayleigh,qpsk,42002966
2841,1,-10,rayleigh,qpsk,42002967
2842,1,-10,rayleigh,bpsk,42002968
2843,1,-10,rayleigh,bpsk,42002969
2844,1,-10,rayleigh,16qam,42002970
2845,1,-10,rayleigh,16qam,42002971
2846,1,-10,rayleigh,bpsk,42002972
2847,1,-10,rayleigh,16qam,42002973
2848,1,-10,rayleigh,bpsk,42002974
2849,1,-10,rayleigh,bpsk,42002975
2850,1,-10,rayleigh,16qam,42002976
2851,1,-10,rayleigh,qpsk,42002977
2852,1,-10,rayleigh,qpsk,42002978
2853,1,-10,rayleigh,16qam,42002979
2854,1,-10,rayleigh,16qam,42002980
2855,1,-10,rayleigh,16qam,42002981
2856,1,-10,rayleigh,qpsk,42002982
2857,1,-10,rayleigh,qpsk,42002983
2858,1,-10,rayleigh,16qam,42002984
2859,1,-10,rayleigh,bpsk,42002985
2860,1,-10,rayleigh,bpsk,42002986
2861,1,-10,rayleigh,bpsk,42002987
2862,1,-10,rayleigh,16qam,42002988
2863,1,-10,rayleigh,qpsk,42002989
2864,1,-10,rayleigh,qpsk,42002990
2865,1,-10,rayleigh,16qam,42002991
2866,1,-10,rayleigh,bpsk,42002992
2867,1,-10,rayleigh,qpsk,42002993
2868,1,-10,rayleigh,qpsk,42002994
2869,1,-10,rayleigh,16qam,42002995
2870,1,-10,rayleigh,qpsk,42002996
2871,1,-10,rayleigh,bpsk,42002997
2872,1,-10,rayleigh,bpsk,42002998
2873,1,-10,rayleigh,bpsk,42002999
2874,1,-10,rayleigh,bpsk,42003000
2875,1,-10,rayleigh,bpsk,42003001
2876,1,-10,rayleigh,qpsk,42003002
2877,1,-10,rayleigh,qpsk,42003003
2878,1,-10,rayleigh,bpsk,42003004
2879,1,-10,rayleigh,16qam,42003005
2880,1,-10,rayleigh,16qam,42003006
2881,1,-10,rayleigh,qpsk,42003007
2882,1,-10,rayleigh,bpsk,42003008
2883,1,-10,rayleigh,16qam,42003009
2884,1,-10,rayleigh,qpsk,42003010
2885,1,-10,rayleigh,16qam,42003011
2886,1,-10,rayleigh,qpsk,42003012
2887,1,-10,rayleigh,16qam,42003013
2888,1,-10,rayleigh,bpsk,42003014
2889,1,-10,rayleigh,bpsk,42003015
2890,1,-10,rayleigh,bpsk,42003016
2891,1,-10,rayleigh,qpsk,42003017
2892,1,-10,rayleigh,qpsk,42003018
2893,1,-10,rayleigh,qpsk,42003019
2894,1,-10,rayleigh,bpsk,42003020
2895,1,-10,rayleigh,bpsk,42003021
2896,1,-10,rayleigh,16qam,42003022
2897,1,-10,rayleigh,qpsk,42003023
2898,1,-10,rayleigh,qpsk,42003024
2899,1,-10,rayleigh,bpsk,42003025
2900,1,-10,rayleigh,16qam,42003026
2901,1,-10,rayleigh,bpsk,42003027
2902,1,-10,rayleigh,16qam,42003028
2903,1,-10,rayleigh,16qam,42003029
2904,1,-10,rayleigh,bpsk,42003030
2905,1,-10,rayleigh,bpsk,42003031
2906,1,-10,rayleigh,16qam,42003032
2907,1,-10,rayleigh,qpsk,42003033
2908,1,-10,rayleigh,16qam,42003034
2909,1,-10,rayleigh,bpsk,42003035
2910,1,-10,rayleigh,bpsk,42003036
2911,1,-10,rayleigh,16qam,42003037
2912,1,-10,rayleigh,16qam,42003038
2913,1,-10,rayleigh,qpsk,42003039
2914,1,-10,rayleigh,16qam,42003040
2915,1,-10,rayleigh,16qam,42003041
2916,1,-10,rayleigh,bpsk,42003042
2917,1,-10,rayleigh,qpsk,42003043
2918,1,-10,rayleigh,qpsk,42003044
2919,1,-10,rayleigh,bpsk,42003045
2920,1,-10,rayleigh,16qam,42003046
2921,1,-10,rayleigh,16qam,42003047
2922,1,-10,rayleigh,bpsk,42003048
2923,1,-10,rayleigh,bpsk,42003049
2924,1,-10,rayleigh,qpsk,42003050
2925,1,-10,rayleigh,16qam,42003051
2926,1,-10,rayleigh,16qam,42003052
2927,1,-10,rayleigh,qpsk,42003053
2928,1,-10,rayleigh,16qam,42003054
2929,1,-10,rayleigh,bpsk,42003055
2930,1,-10,rayleigh,bpsk,42003056
2931,1,-10,rayleigh,qpsk,42003057
2932,1,-10,rayleigh,16qam,42003058
2933,1,-10,rayleigh,16qam,42003059
2934,1,-10,rayleigh,bpsk,42003060
2935,1,-10,rayleigh,16qam,42003061
2936,1,-10,rayleigh,16qam,42003062
2937,1,-10,rayleigh,16qam,42003063
2938,1,-10,rayleigh,qpsk,42003064
2939,1,-10,rayleigh,bpsk,42003065
2940,1,-10,rayleigh,16qam,42003066
2941,1,-10,rayleigh,bpsk,42003067
2942,1,-10,rayleigh,qpsk,42003068
2943,1,-10,rayleigh,qpsk,42003069
2944,1,-10,rayleigh,bpsk,42003070
2945,1,-10,rayleigh,16qam,42003071
2946,1,-10,rayleigh,qpsk,42003072
2947,1,-10,rayleigh,qpsk,42003073
2948,1,-10,rayleigh,bpsk,42003074
2949,1,-10,rayleigh,bpsk,42003075
2950,1,-10,rayleigh,bpsk,42003076
2951,1,-10,rayleigh,qpsk,42003077
2952,1,-10,rayleigh,16qam,42003078
2953,1,-10,rayleigh,qpsk,42003079
2954,1,-10,rayleigh,16qam,42003080
2955,1,-10,rayleigh,qpsk,42003081
2956,1,-10,rayleigh,16qam,42003082
2957,1,-10,rayleigh,qpsk,42003083
2958,1,-10,rayleigh,bpsk,42003084
2959,1,-10,rayleigh,bpsk,42003085
2960,1,-10,rayleigh,bpsk,42003086
2961,1,-10,rayleigh,16qam,42003087
2962,1,-10,rayleigh,bpsk,42003088
2963,1,-10,rayleigh,bpsk,42003089
2964,1,-10,rayleigh,16qam,42003090
2965,1,-10,rayleigh,qpsk,42003091
2966,1,-10,rayleigh,16qam,42003092
2967,1,-10,rayleigh,bpsk,42003093
2968,1,-10,rayleigh,qpsk,42003094
2969,1,-10,rayleigh,qpsk,42003095
2970,1,-10,rayleigh,qpsk,42003096
2971,1,-10,rayleigh,16qam,42003097
2972,1,-10,rayleigh,qpsk,42003098
2973,1,-10,rayleigh,16qam,42003099
2974,1,-10,rayleigh,16qam,42003100
2975,1,-10,rayleigh,qpsk,42003101
2976,1,-10,rayleigh,16qam,42003102
2977,1,-10,rayleigh,bpsk,42003103
2978,1,-10,rayleigh,bpsk,42003104
2979,1,-10,rayleigh,bpsk,42003105
2980,1,-10,rayleigh,bpsk,42003106
2981,1,-10,rayleigh,16qam,42003107
2982,1,-10,rayleigh,bpsk,42003108
2983,1,-10,rayleigh,bpsk,42003109
2984,1,-10,rayleigh,bpsk,42003110
2985,1,-10,rayleigh,16qam,42003111
2986,1,-10,rayleigh,16qam,42003112
2987,1,-10,rayleigh,qpsk,42003113
2988,1,-10,rayleigh,qpsk,42003114
2989,1,-10,rayleigh,bpsk,42003115
2990,1,-10,rayleigh,bpsk,42003116
2991,1,-10,rayleigh,16qam,42003117
2992,1,-10,rayleigh,qpsk,42003118
2993,1,-10,rayleigh,qpsk,42003119
2994,1,-10,rayleigh,bpsk,42003120
2995,1,-10,rayleigh,qpsk,42003121
2996,1,-10,rayleigh,16qam,42003122
2997,1,-10,rayleigh,16qam,42003123
2998,1,-10,rayleigh,16qam,42003124
2999,1,-10,rayleigh,qpsk,42003125
3000,0,-10,rayleigh,none,42003126
3001,0,-10,rayleigh,none,42003127
3002,0,-10,rayleigh,none,42003128
3003,0,-10,rayleigh,none,42003129
3004,0,-10,rayleigh,none,42003130
3005,0,-10,rayleigh,none,42003131
3006,0,-10,rayleigh,none,42003132
3007,0,-10,rayleigh,none,42003133
3008,0,-10,rayleigh,none,42003134
3009,0,-10,rayleigh,none,42003135
3010,0,-10,rayleigh,none,42003136
3011,0,-10,rayleigh,none,42003137
3012,0,-10,rayleigh,none,42003138
3013,0,-10,rayleigh,none,42003139
3014,0,-10,rayleigh,none,42003140
3015,0,-10,rayleigh,none,42003141
3016,0,-10,rayleigh,none,42003142
3017,0,-10,rayleigh,none,42003143
3018,0,-10,rayleigh,none,42003144
3019,0,-10,rayleigh,none,42003145
3020,0,-10,rayleigh,none,42003146
3021,0,-10,rayleigh,none,42003147
3022,0,-10,rayleigh,none,42003148
3023,0,-10,rayleigh,none,42003149
3024,0,-10,rayleigh,none,42003150
3025,0,-10,rayleigh,none,42003151
3026,0,-10,rayleigh,none,42003152
3027,0,-10,rayleigh,none,42003153
3028,0,-10,rayleigh,none,42003154
3029,0,-10,rayleigh,none,42003155
3030,0,-10,rayleigh,none,42003156
3031,0,-10,rayleigh,none,42003157
3032,0,-10,rayleigh,none,42003158
3033,0,-10,rayleigh,none,42003159
3034,0,-10,rayleigh,none,42003160
3035,0,-10,rayleigh,none,42003161
3036,0,-10,rayleigh,none,42003162
3037,0,-10,rayleigh,none,42003163
3038,0,-10,rayleigh,none,42003164
3039,0,-10,rayleigh,none,42003165
3040,0,-10,rayleigh,none,42003166
3041,0,-10,rayleigh,none,42003167
3042,0,-10,rayleigh,none,42003168
3043,0,-10,rayleigh,none,42003169
3044,0,-10,rayleigh,none,42003170
3045,0,-10,rayleigh,none,42003171
3046,0,-10,rayleigh,none,42003172
3047,0,-10,rayleigh,none,42003173
3048,0,-10,rayleigh,none,42003174
3049,0,-10,rayleigh,none,42003175
3050,0,-10,rayleigh,none,42003176
3051,0,-10,rayleigh,none,42003177
3052,0,-10,rayleigh,none,42003178
3053,0,-10,rayleigh,none,42003179
3054,0,-10,rayleigh,none,42003180
3055,0,-10,rayleigh,none,42003181
3056,0,-10,rayleigh,none,42003182
3057,0,-10,rayleigh,none,42003183
3058,0,-10,rayleigh,none,42003184
3059,0,-10,rayleigh,none,42003185
3060,0,-10,rayleigh,none,42003186
3061,0,-10,rayleigh,none,42003187
3062,0,-10,rayleigh,none,42003188
3063,0,-10,rayleigh,none,42003189
3064,0,-10,rayleigh,none,42003190
3065,0,-10,rayleigh,none,42003191
3066,0,-10,rayleigh,none,42003192
3067,0,-10,rayleigh,none,42003193
3068,0,-10,rayleigh,none,42003194
3069,0,-10,rayleigh,none,42003195
3070,0,-10,rayleigh,none,42003196
3071,0,-10,rayleigh,none,42003197
3072,0,-10,rayleigh,none,42003198
3073,0,-10,rayleigh,none,42003199
3074,0,-10,rayleigh,none,42003200
3075,0,-10,rayleigh,none,42003201
3076,0,-10,rayleigh,none,42003202
3077,0,-10,rayleigh,none,42003203
3078,0,-10,rayleigh,none,42003204
3079,0,-10,rayleigh,none,42003205
3080,0,-10,rayleigh,none,42003206
3081,0,-10,rayleigh,none,42003207
3082,0,-10,rayleigh,none,42003208
3083,0,-10,rayleigh,none,42003209
3084,0,-10,rayleigh,none,42003210
3085,0,-10,rayleigh,none,42003211
3086,0,-10,rayleigh,none,42003212
3087,0,-10,rayleigh,none,42003213
3088,0,-10,rayleigh,none,42003214
3089,0,-10,rayleigh,none,42003215
3090,0,-10,rayleigh,none,42003216
3091,0,-10,rayleigh,none,42003217
3092,0,-10,rayleigh,none,42003218
3093,0,-10,rayleigh,none,42003219
3094,0,-10,rayleigh,none,42003220
3095,0,-10,rayleigh,none,42003221
3096,0,-10,rayleigh,none,42003222
3097,0,-10,rayleigh,none,42003223
3098,0,-10,rayleigh,none,42003224
3099,0,-10,rayleigh,none,42003225
3100,0,-10,rayleigh,none,42003226
3101,0,-10,rayleigh,none,42003227
3102,0,-10,rayleigh,none,42003228
3103,0,-10,rayleigh,none,42003229
3104,0,-10,rayleigh,none,42003230
3105,0,-10,rayleigh,none,42003231
3106,0,-10,rayleigh,none,42003232
3107,0,-10,rayleigh,none,42003233
3108,0,-10,rayleigh,none,42003234
3109,0,-10,rayleigh,none,42003235
3110,0,-10,rayleigh,none,42003236
3111,0,-10,rayleigh,none,42003237
3112,0,-10,rayleigh,none,42003238
3113,0,-10,rayleigh,none,42003239
3114,0,-10,rayleigh,none,42003240
3115,0,-10,rayleigh,none,42003241
3116,0,-10,rayleigh,none,42003242
3117,0,-10,rayleigh,none,42003243
3118,0,-10,rayleigh,none,42003244
3119,0,-10,rayleigh,none,42003245
3120,0,-10,rayleigh,none,42003246
3121,0,-10,rayleigh,none,42003247
3122,0,-10,rayleigh,none,42003248
3123,0,-10,rayleigh,none,42003249
3124,0,-10,rayleigh,none,42003250
3125,0,-10,rayleigh,none,42003251
3126,0,-10,rayleigh,none,42003252
3127,0,-10,rayleigh,none,42003253
3128,0,-10,rayleigh,none,42003254
3129,0,-10,rayleigh,none,42003255
3130,0,-10,rayleigh,none,42003256
3131,0,-10,rayleigh,none,42003257
3132,0,-10,rayleigh,none,42003258
3133,0,-10,rayleigh,none,42003259
3134,0,-10,rayleigh,none,42003260
3135,0,-10,rayleigh,none,42003261
3136,0,-10,rayleigh,none,42003262
3137,0,-10,rayleigh,none,42003263
3138,0,-10,rayleigh,none,42003264
3139,0,-10,rayleigh,none,42003265
3140,0,-10,rayleigh,none,42003266
3141,0,-10,rayleigh,none,42003267
3142,0,-10,rayleigh,none,42003268
3143,0,-10,rayleigh,none,42003269
3144,0,-10,rayleigh,none,42003270
3145,0,-10,rayleigh,none,42003271
3146,0,-10,rayleigh,none,42003272
3147,0,-10,rayleigh,none,42003273
3148,0,-10,rayleigh,none,42003274
3149,0,-10,rayleigh,none,42003275
3150,0,-10,rayleigh,none,42003276
3151,0,-10,rayleigh,none,42003277
3152,0,-10,rayleigh,none,42003278
3153,0,-10,rayleigh,none,42003279
3154,0,-10,rayleigh,none,42003280
3155,0,-10,rayleigh,none,42003281
3156,0,-10,rayleigh,none,42003282
3157,0,-10,rayleigh,none,42003283
3158,0,-10,rayleigh,none,42003284
3159,0,-10,rayleigh,none,42003285
3160,0,-10,rayleigh,none,42003286
3161,0,-10,rayleigh,none,42003287
3162,0,-10,rayleigh,none,42003288
3163,0,-10,rayleigh,none,42003289
3164,0,-10,rayleigh,none,42003290
3165,0,-10,rayleigh,none,42003291
3166,0,-10,rayleigh,none,42003292
3167,0,-10,rayleigh,none,42003293
3168,0,-10,rayleigh,none,42003294
3169,0,-10,rayleigh,none,42003295
3170,0,-10,rayleigh,none,42003296
3171,0,-10,rayleigh,none,42003297
3172,0,-10,rayleigh,none,42003298
3173,0,-10,rayleigh,none,42003299
3174,0,-10,rayleigh,none,42003300
3175,0,-10,rayleigh,none,42003301
3176,0,-10,rayleigh,none,42003302
3177,0,-10,rayleigh,none,42003303
3178,0,-10,rayleigh,none,42003304
3179,0,-10,rayleigh,none,42003305
3180,0,-10,rayleigh,none,42003306
3181,0,-10,rayleigh,none,42003307
3182,0,-10,rayleigh,none,42003308
3183,0,-10,rayleigh,none,42003309
3184,0,-10,rayleigh,none,42003310
3185,0,-10,rayleigh,none,42003311
3186,0,-10,rayleigh,none,42003312
3187,0,-10,rayleigh,none,42003313
3188,0,-10,rayleigh,none,42003314
3189,0,-10,rayleigh,none,42003315
3190,0,-10,rayleigh,none,42003316
3191,0,-10,rayleigh,none,42003317
3192,0,-10,rayleigh,none,42003318
3193,0,-10,rayleigh,none,42003319
3194,0,-10,rayleigh,none,42003320
3195,0,-10,rayleigh,none,42003321
3196,0,-10,rayleigh,none,42003322
3197,0,-10,rayleigh,none,42003323
3198,0,-10,rayleigh,none,42003324
3199,0,-10,rayleigh,none,42003325
3200,1,-10,rician,bpsk,42003326
3201,1,-10,rician,qpsk,42003327
3202,1,-10,rician,bpsk,42003328
3203,1,-10,rician,bpsk,42003329
3204,1,-10,rician,16qam,42003330
3205,1,-10,rician,qpsk,42003331
3206,1,-10,rician,16qam,42003332
3207,1,-10,rician,qpsk,42003333
3208,1,-10,rician,16qam,42003334
3209,1,-10,rician,qpsk,42003335
3210,1,-10,rician,qpsk,42003336
3211,1,-10,rician,bpsk,42003337
3212,1,-10,rician,16qam,42003338
3213,1,-10,rician,qpsk,42003339
3214,1,-10,rician,bpsk,42003340
3215,1,-10,rician,16qam,42003341
3216,1,-10,rician,qpsk,42003342
3217,1,-10,rician,16qam,42003343
3218,1,-10,rician,bpsk,42003344
3219,1,-10,rician,16qam,42003345
3220,1,-10,rician,16qam,42003346
3221,1,-10,rician,qpsk,42003347
3222,1,-10,rician,qpsk,42003348
3223,1,-10,rician,qpsk,42003349
3224,1,-10,rician,bpsk,42003350
3225,1,-10,rician,16qam,42003351
3226,1,-10,rician,bpsk,42003352
3227,1,-10,rician,bpsk,42003353
3228,1,-10,rician,qpsk,42003354
3229,1,-10,rician,bpsk,42003355
3230,1,-10,rician,16qam,42003356
3231,1,-10,rician,qpsk,42003357
3232,1,-10,rician,qpsk,42003358
3233,1,-10,rician,bpsk,42003359
3234,1,-10,rician,qpsk,42003360
3235,1,-10,rician,bpsk,42003361
3236,1,-10,rician,16qam,42003362
3237,1,-10,rician,qpsk,42003363
3238,1,-10,rician,bpsk,42003364
3239,1,-10,rician,16qam,42003365
3240,1,-10,rician,bpsk,42003366
3241,1,-10,rician,qpsk,42003367
3242,1,-10,rician,qpsk,42003368
3243,1,-10,rician,qpsk,42003369
3244,1,-10,rician,qpsk,42003370
3245,1,-10,rician,qpsk,42003371
3246,1,-10,rician,16qam,42003372
3247,1,-10,rician,16qam,42003373
3248,1,-10,rician,16qam,42003374
3249,1,-10,rician,qpsk,42003375
3250,1,-10,rician,16qam,42003376
3251,1,-10,rician,qpsk,42003377
3252,1,-10,rician,16qam,42003378
3253,1,-10,rician,bpsk,42003379
3254,1,-10,rician,bpsk,42003380
3255,1,-10,rician,qpsk,42003381
3256,1,-10,rician,bpsk,42003382
3257,1,-10,rician,bpsk,42003383
3258,1,-10,rician,bpsk,42003384
3259,1,-10,rician,qpsk,42003385
3260,1,-10,rician,qpsk,42003386
3261,1,-10,rician,16qam,42003387
3262,1,-10,rician,bpsk,42003388
3263,1,-10,rician,qpsk,42003389
3264,1,-10,rician,bpsk,42003390
3265,1,-10,rician,qpsk,42003391
3266,1,-10,rician,bpsk,42003392
3267,1,-10,rician,bpsk,42003393
3268,1,-10,rician,qpsk,42003394
3269,1,-10,rician,qpsk,42003395
3270,1,-10,rician,bpsk,42003396
3271,1,-10,rician,qpsk,42003397
3272,1,-10,rician,bpsk,42003398
3273,1,-10,rician,16qam,42003399
3274,1,-10,rician,qpsk,42003400
3275,1,-10,rician,16qam,42003401
3276,1,-10,rician,16qam,42003402
3277,1,-10,rician,16qam,42003403
3278,1,-10,rician,16qam,42003404
3279,1,-10,rician,qpsk,42003405
3280,1,-10,rician,16qam,42003406
3281,1,-10,rician,16qam,42003407
3282,1,-10,rician,16qam,42003408
3283,1,-10,rician,16qam,42003409
3284,1,-10,rician,16qam,42003410
3285,1,-10,rician,qpsk,42003411
3286,1,-10,rician,16qam,42003412
3287,1,-10,rician,qpsk,42003413
3288,1,-10,rician,bpsk,42003414
3289,1,-10,rician,16qam,42003415
3290,1,-10,rician,qpsk,42003416
3291,1,-10,rician,qpsk,42003417
3292,1,-10,rician,16qam,42003418
3293,1,-10,rician,bpsk,42003419
3294,1,-10,rician,16qam,42003420
3295,1,-10,rician,16qam,42003421
3296,1,-10,rician,qpsk,42003422
3297,1,-10,rician,16qam,42003423
3298,1,-10,rician,16qam,42003424
3299,1,-10,rician,bpsk,42003425
3300,1,-10,rician,16qam,42003426
3301,1,-10,rician,16qam,42003427
3302,1,-10,rician,qpsk,42003428
3303,1,-10,rician,bpsk,42003429
3304,1,-10,rician,qpsk,42003430
3305,1,-10,rician,qpsk,42003431
3306,1,-10,rician,16qam,42003432
3307,1,-10,rician,qpsk,42003433
3308,1,-10,rician,bpsk,42003434
3309,1,-10,rician,bpsk,42003435
3310,1,-10,rician,qpsk,42003436
3311,1,-10,rician,qpsk,42003437
3312,1,-10,rician,qpsk,42003438
3313,1,-10,rician,qpsk,42003439
3314,1,-10,rician,bpsk,42003440
3315,1,-10,rician,16qam,42003441
3316,1,-10,rician,qpsk,42003442
3317,1,-10,rician,16qam,42003443
3318,1,-10,rician,qpsk,42003444
3319,1,-10,rician,bpsk,42003445
3320,1,-10,rician,qpsk,42003446
3321,1,-10,rician,bpsk,42003447
3322,1,-10,rician,16qam,42003448
3323,1,-10,rician,qpsk,42003449
3324,1,-10,rician,qpsk,42003450
3325,1,-10,rician,16qam,42003451
3326,1,-10,rician,qpsk,42003452
3327,1,-10,rician,bpsk,42003453
3328,1,-10,rician,bpsk,42003454
3329,1,-10,rician,16qam,42003455
3330,1,-10,rician,bpsk,42003456
3331,1,-10,rician,16qam,42003457
3332,1,-10,rician,qpsk,42003458
3333,1,-10,rician,qpsk,42003459
3334,1,-10,rician,qpsk,42003460
3335,1,-10,rician,bpsk,42003461
3336,1,-10,rician,qpsk,42003462
3337,1,-10,rician,16qam,42003463
3338,1,-10,rician,qpsk,42003464
3339,1,-10,rician,16qam,42003465
3340,1,-10,rician,16qam,42003466
3341,1,-10,rician,bpsk,42003467
3342,1,-10,rician,bpsk,42003468
3343,1,-10,rician,bpsk,42003469
3344,1,-10,rician,qpsk,42003470
3345,1,-10,rician,qpsk,42003471
3346,1,-10,rician,qpsk,42003472
3347,1,-10,rician,16qam,42003473
3348,1,-10,rician,16qam,42003474
3349,1,-10,rician,16qam,42003475
3350,1,-10,rician,bpsk,42003476
3351,1,-10,rician,qpsk,42003477
3352,1,-10,rician,bpsk,42003478
3353,1,-10,rician,qpsk,42003479
3354,1,-10,rician,16qam,42003480
3355,1,-10,rician,16qam,42003481
3356,1,-10,rician,16qam,42003482
3357,1,-10,rician,16qam,42003483
3358,1,-10,rician,16qam,42003484
3359,1,-10,rician,bpsk,42003485
3360,1,-10,rician,qpsk,42003486
3361,1,-10,rician,qpsk,42003487
3362,1,-10,rician,qpsk,42003488
3363,1,-10,rician,qpsk,42003489
3364,1,-10,rician,16qam,42003490
3365,1,-10,rician,16qam,42003491
3366,1,-10,rician,16qam,42003492
3367,1,-10,rician,bpsk,42003493
3368,1,-10,rician,qpsk,42003494
3369,1,-10,rician,qpsk,42003495
3370,1,-10,rician,bpsk,42003496
3371,1,-10,rician,bpsk,42003497
3372,1,-10,rician,16qam,42003498
3373,1,-10,rician,bpsk,42003499
3374,1,-10,rician,16qam,42003500
3375,1,-10,rician,qpsk,42003501
3376,1,-10,rician,bpsk,42003502
3377,1,-10,rician,qpsk,42003503
3378,1,-10,rician,16qam,42003504
3379,1,-10,rician,qpsk,42003505
3380,1,-10,rician,16qam,42003506
3381,1,-10,rician,qpsk,42003507
3382,1,-10,rician,qpsk,42003508
3383,1,-10,rician,qpsk,42003509
3384,1,-10,rician,qpsk,42003510
3385,1,-10,rician,bpsk,42003511
3386,1,-10,rician,qpsk,42003512
3387,1,-10,rician,16qam,42003513
3388,1,-10,rician,bpsk,42003514
3389,1,-10,rician,qpsk,42003515
3390,1,-10,rician,16qam,42003516
3391,1,-10,rician,qpsk,42003517
3392,1,-10,rician,qpsk,42003518
3393,1,-10,rician,16qam,42003519
3394,1,-10,rician,16qam,42003520
3395,1,-10,rician,bpsk,42003521
3396,1,-10,rician,qpsk,42003522
3397,1,-10,rician,bpsk,42003523
3398,1,-10,rician,bpsk,42003524
3399,1,-10,rician,16qam,42003525
3400,0,-10,rician,none,42003526
3401,0,-10,rician,none,42003527
3402,0,-10,rician,none,42003528
3403,0,-10,rician,none,42003529
3404,0,-10,rician,none,42003530
3405,0,-10,rician,none,42003531
3406,0,-10,rician,none,42003532
3407,0,-10,rician,none,42003533
3408,0,-10,rician,none,42003534
3409,0,-10,rician,none,42003535
3410,0,-10,rician,none,42003536
3411,0,-10,rician,none,42003537
3412,0,-10,rician,none,42003538
3413,0,-10,rician,none,42003539
3414,0,-10,rician,none,42003540
3415,0,-10,rician,none,42003541
3416,0,-10,rician,none,42003542
3417,0,-10,rician,none,42003543
3418,0,-10,rician,none,42003544
3419,0,-10,rician,none,42003545
3420,0,-10,rician,none,42003546
3421,0,-10,rician,none,42003547
3422,0,-10,rician,none,42003548
3423,0,-10,rician,none,42003549
3424,0,-10,rician,none,42003550
3425,0,-10,rician,none,42003551
3426,0,-10,rician,none,42003552
3427,0,-10,rician,none,42003553
3428,0,-10,rician,none,42003554
3429,0,-10,rician,none,42003555
3430,0,-10,rician,none,42003556
3431,0,-10,rician,none,42003557
3432,0,-10,rician,none,42003558
3433,0,-10,rician,none,42003559
3434,0,-10,rician,none,42003560
3435,0,-10,rician,none,42003561
3436,0,-10,rician,none,42003562
3437,0,-10,rician,none,42003563
3438,0,-10,rician,none,42003564
3439,0,-10,rician,none,42003565
3440,0,-10,rician,none,42003566
3441,0,-10,rician,none,42003567
3442,0,-10,rician,none,42003568
3443,0,-10,rician,none,42003569
3444,0,-10,rician,none,42003570
3445,0,-10,rician,none,42003571
3446,0,-10,rician,none,42003572
3447,0,-10,rician,none,42003573
3448,0,-10,rician,none,42003574
3449,0,-10,rician,none,42003575
3450,0,-10,rician,none,42003576
3451,0,-10,rician,none,42003577
3452,0,-10,rician,none,42003578
3453,0,-10,rician,none,42003579
3454,0,-10,rician,none,42003580
3455,0,-10,rician,none,42003581
3456,0,-10,rician,none,42003582
3457,0,-10,rician,none,42003583
3458,0,-10,rician,none,42003584
3459,0,-10,rician,none,42003585
3460,0,-10,rician,none,42003586
3461,0,-10,rician,none,42003587
3462,0,-10,rician,none,42003588
3463,0,-10,rician,none,42003589
3464,0,-10,rician,none,42003590
3465,0,-10,rician,none,42003591
3466,0,-10,rician,none,42003592
3467,0,-10,rician,none,42003593
3468,0,-10,rician,none,42003594
3469,0,-10,rician,none,42003595
3470,0,-10,rician,none,42003596
3471,0,-10,rician,none,42003597
3472,0,-10,rician,none,42003598
3473,0,-10,rician,none,42003599
3474,0,-10,rician,none,42003600
3475,0,-10,rician,none,42003601
3476,0,-10,rician,none,42003602
3477,0,-10,rician,none,42003603
3478,0,-10,rician,none,42003604
3479,0,-10,rician,none,42003605
3480,0,-10,rician,none,42003606
3481,0,-10,rician,none,42003607
3482,0,-10,rician,none,42003608
3483,0,-10,rician,none,42003609
3484,0,-10,rician,none,42003610
3485,0,-10,rician,none,42003611
3486,0,-10,rician,none,42003612
3487,0,-10,rician,none,42003613
3488,0,-10,rician,none,42003614
3489,0,-10,rician,none,42003615
3490,0,-10,rician,none,42003616
3491,0,-10,rician,none,42003617
3492,0,-10,rician,none,42003618
3493,0,-10,rician,none,42003619
3494,0,-10,rician,none,42003620
3495,0,-10,rician,none,42003621
3496,0,-10,rician,none,42003622
3497,0,-10,rician,none,42003623
3498,0,-10,rician,none,42003624
3499,0,-10,rician,none,42003625
3500,0,-10,rician,none,42003626
3501,0,-10,rician,none,42003627
3502,0,-10,rician,none,42003628
3503,0,-10,rician,none,42003629
3504,0,-10,rician,none,42003630
3505,0,-10,rician,none,42003631
3506,0,-10,rician,none,42003632
3507,0,-10,rician,none,42003633
3508,0,-10,rician,none,42003634
3509,0,-10,rician,none,42003635
3510,0,-10,rician,none,42003636
3511,0,-10,rician,none,42003637
3512,0,-10,rician,none,42003638
3513,0,-10,rician,none,42003639
3514,0,-10,rician,none,42003640
3515,0,-10,rician,none,42003641
3516,0,-10,rician,none,42003642
3517,0,-10,rician,none,42003643
3518,0,-10,rician,none,42003644
3519,0,-10,rician,none,42003645
3520,0,-10,rician,none,42003646
3521,0,-10,rician,none,42003647
3522,0,-10,rician,none,42003648
3523,0,-10,rician,none,42003649
3524,0,-10,rician,none,42003650
3525,0,-10,rician,none,42003651
3526,0,-10,rician,none,42003652
3527,0,-10,rician,none,42003653
3528,0,-10,rician,none,42003654
3529,0,-10,rician,none,42003655
3530,0,-10,rician,none,42003656
3531,0,-10,rician,none,42003657
3532,0,-10,rician,none,42003658
3533,0,-10,rician,none,42003659
3534,0,-10,rician,none,42003660
3535,0,-10,rician,none,42003661
3536,0,-10,rician,none,42003662
3537,0,-10,rician,none,42003663
3538,0,-10,rician,none,42003664
3539,0,-10,rician,none,42003665
3540,0,-10,rician,none,42003666
3541,0,-10,rician,none,42003667
3542,0,-10,rician,none,42003668
3543,0,-10,rician,none,42003669
3544,0,-10,rician,none,42003670
3545,0,-10,rician,none,42003671
3546,0,-10,rician,none,42003672
3547,0,-10,rician,none,42003673
3548,0,-10,rician,none,42003674
3549,0,-10,rician,none,42003675
3550,0,-10,rician,none,42003676
3551,0,-10,rician,none,42003677
3552,0,-10,rician,none,42003678
3553,0,-10,rician,none,42003679
3554,0,-10,rician,none,42003680
3555,0,-10,rician,none,42003681
3556,0,-10,rician,none,42003682
3557,0,-10,rician,none,42003683
3558,0,-10,rician,none,42003684
3559,0,-10,rician,none,42003685
3560,0,-10,rician,none,42003686
3561,0,-10,rician,none,42003687
3562,0,-10,rician,none,42003688
3563,0,-10,rician,none,42003689
3564,0,-10,rician,none,42003690
3565,0,-10,rician,none,42003691
3566,0,-10,rician,none,42003692
3567,0,-10,rician,none,42003693
3568,0,-10,rician,none,42003694
3569,0,-10,rician,none,42003695
3570,0,-10,rician,none,42003696
3571,0,-10,rician,none,42003697
3572,0,-10,rician,none,42003698
3573,0,-10,rician,none,42003699
3574,0,-10,rician,none,42003700
3575,0,-10,rician,none,42003701
3576,0,-10,rician,none,42003702
3577,0,-10,rician,none,42003703
3578,0,-10,rician,none,42003704
3579,0,-10,rician,none,42003705
3580,0,-10,rician,none,42003706
3581,0,-10,rician,none,42003707
3582,0,-10,rician,none,42003708
3583,0,-10,rician,none,42003709
3584,0,-10,rician,none,42003710
3585,0,-10,rician,none,42003711
3586,0,-10,rician,none,42003712
3587,0,-10,rician,none,42003713
3588,0,-10,rician,none,42003714
3589,0,-10,rician,none,42003715
3590,0,-10,rician,none,42003716
3591,0,-10,rician,none,42003717
3592,0,-10,rician,none,42003718
3593,0,-10,rician,none,42003719
3594,0,-10,rician,none,42003720
3595,0,-10,rician,none,42003721
3596,0,-10,rician,none,42003722
3597,0,-10,rician,none,42003723
3598,0,-10,rician,none,42003724
3599,0,-10,rician,none,42003725
3600,1,-5,awgn,16qam,42003726
3601,1,-5,awgn,bpsk,42003727
3602,1,-5,awgn,qpsk,42003728
3603,1,-5,awgn,16qam,42003729
3604,1,-5,awgn,qpsk,42003730
3605,1,-5,awgn,16qam,42003731
3606,1,-5,awgn,bpsk,42003732
3607,1,-5,awgn,bpsk,42003733
3608,1,-5,awgn,qpsk,42003734
3609,1,-5,awgn,bpsk,42003735
3610,1,-5,awgn,bpsk,42003736
3611,1,-5,awgn,qpsk,42003737
3612,1,-5,awgn,bpsk,42003738
3613,1,-5,awgn,qpsk,42003739
3614,1,-5,awgn,bpsk,42003740
3615,1,-5,awgn,bpsk,42003741
3616,1,-5,awgn,16qam,42003742
3617,1,-5,awgn,bpsk,42003743
3618,1,-5,awgn,qpsk,42003744
3619,1,-5,awgn,bpsk,42003745
3620,1,-5,awgn,bpsk,42003746
3621,1,-5,awgn,bpsk,42003747
3622,1,-5,awgn,qpsk,42003748
3623,1,-5,awgn,bpsk,42003749
3624,1,-5,awgn,16qam,42003750
3625,1,-5,awgn,bpsk,42003751
3626,1,-5,awgn,qpsk,42003752
3627,1,-5,awgn,bpsk,42003753
3628,1,-5,awgn,bpsk,42003754
3629,1,-5,awgn,bpsk,42003755
3630,1,-5,awgn,qpsk,42003756
3631,1,-5,awgn,16qam,42003757
3632,1,-5,awgn,qpsk,42003758
3633,1,-5,awgn,bpsk,42003759
3634,1,-5,awgn,bpsk,42003760
3635,1,-5,awgn,16qam,42003761
3636,1,-5,awgn,16qam,42003762
3637,1,-5,awgn,bpsk,42003763
3638,1,-5,awgn,16qam,42003764
3639,1,-5,awgn,16qam,42003765
3640,1,-5,awgn,bpsk,42003766
3641,1,-5,awgn,16qam,42003767
3642,1,-5,awgn,16qam,42003768
3643,1,-5,awgn,bpsk,42003769
3644,1,-5,awgn,bpsk,42003770
3645,1,-5,awgn,16qam,42003771
3646,1,-5,awgn,qpsk,42003772
3647,1,-5,awgn,bpsk,42003773
3648,1,-5,awgn,16qam,42003774
3649,1,-5,awgn,16qam,42003775
3650,1,-5,awgn,qpsk,42003776
3651,1,-5,awgn,bpsk,42003777
3652,1,-5,awgn,qpsk,42003778
3653,1,-5,awgn,qpsk,42003779
3654,1,-5,awgn,16qam,42003780
3655,1,-5,awgn,bpsk,42003781
3656,1,-5,awgn,bpsk,42003782
3657,1,-5,awgn,bpsk,42003783
3658,1,-5,awgn,qpsk,42003784
3659,1,-5,awgn,qpsk,42003785
3660,1,-5,awgn,qpsk,42003786
3661,1,-5,awgn,bpsk,42003787
3662,1,-5,awgn,qpsk,42003788
3663,1,-5,awgn,bpsk,42003789
3664,1,-5,awgn,qpsk,42003790
3665,1,-5,awgn,qpsk,42003791
3666,1,-5,awgn,16qam,42003792
3667,1,-5,awgn,qpsk,42003793
3668,1,-5,awgn,bpsk,42003794
3669,1,-5,awgn,bpsk,42003795
3670,1,-5,awgn,16qam,42003796
3671,1,-5,awgn,qpsk,42003797
3672,1,-5,awgn,bpsk,42003798
3673,1,-5,awgn,qpsk,42003799
3674,1,-5,awgn,bpsk,42003800
3675,1,-5,awgn,bpsk,42003801
3676,1,-5,awgn,bpsk,42003802
3677,1,-5,awgn,bpsk,42003803
3678,1,-5,awgn,bpsk,42003804
3679,1,-5,awgn,qpsk,42003805
3680,1,-5,awgn,16qam,42003806
3681,1,-5,awgn,16qam,42003807
3682,1,-5,awgn,bpsk,42003808
3683,1,-5,awgn,qpsk,42003809
3684,1,-5,awgn,bpsk,42003810
3685,1,-5,awgn,qpsk,42003811
3686,1,-5,awgn,qpsk,42003812
3687,1,-5,awgn,16qam,42003813
3688,1,-5,awgn,16qam,42003814
3689,1,-5,awgn,bpsk,42003815
3690,1,-5,awgn,bpsk,42003816
3691,1,-5,awgn,16qam,42003817
3692,1,-5,awgn,qpsk,42003818
3693,1,-5,awgn,bpsk,42003819
3694,1,-5,awgn,16qam,42003820
3695,1,-5,awgn,bpsk,42003821
3696,1,-5,awgn,16qam,42003822
3697,1,-5,awgn,bpsk,42003823
3698,1,-5,awgn,16qam,42003824
3699,1,-5,awgn,bpsk,42003825
3700,1,-5,awgn,16qam,42003826
3701,1,-5,awgn,bpsk,42003827
3702,1,-5,awgn,bpsk,42003828
3703,1,-5,awgn,qpsk,42003829
3704,1,-5,awgn,qpsk,42003830
3705,1,-5,awgn,16qam,42003831
3706,1,-5,awgn,16qam,42003832
3707,1,-5,awgn,bpsk,42003833
3708,1,-5,awgn,qpsk,42003834
3709,1,-5,awgn,16qam,42003835
3710,1,-5,awgn,16qam,42003836
3711,1,-5,awgn,16qam,42003837
3712,1,-5,awgn,16qam,42003838
3713,1,-5,awgn,bpsk,42003839
3714,1,-5,awgn,qpsk,42003840
3715,1,-5,awgn,qpsk,42003841
3716,1,-5,awgn,qpsk,42003842
3717,1,-5,awgn,bpsk,42003843
3718,1,-5,awgn,16qam,42003844
3719,1,-5,awgn,bpsk,42003845
3720,1,-5,awgn,bpsk,42003846
3721,1,-5,awgn,qpsk,42003847
3722,1,-5,awgn,bpsk,42003848
3723,1,-5,awgn,bpsk,42003849
3724,1,-5,awgn,16qam,42003850
3725,1,-5,awgn,16qam,42003851
3726,1,-5,awgn,16qam,42003852
3727,1,-5,awgn,bpsk,42003853
3728,1,-5,awgn,qpsk,42003854
3729,1,-5,awgn,qpsk,42003855
3730,1,-5,awgn,bpsk,42003856
3731,1,-5,awgn,bpsk,42003857
3732,1,-5,awgn,qpsk,42003858
3733,1,-5,awgn,16qam,42003859
3734,1,-5,awgn,bpsk,42003860
3735,1,-5,awgn,16qam,42003861
3736,1,-5,awgn,qpsk,42003862
3737,1,-5,awgn,16qam,42003863
3738,1,-5,awgn,16qam,42003864
3739,1,-5,awgn,bpsk,42003865
3740,1,-5,awgn,qpsk,42003866
3741,1,-5,awgn,16qam,42003867
3742,1,-5,awgn,16qam,42003868
3743,1,-5,awgn,bpsk,42003869
3744,1,-5,awgn,bpsk,42003870
3745,1,-5,awgn,qpsk,42003871
3746,1,-5,awgn,bpsk,42003872
3747,1,-5,awgn,16qam,42003873
3748,1,-5,awgn,bpsk,42003874
3749,1,-5,awgn,bpsk,42003875
3750,1,-5,awgn,16qam,42003876
3751,1,-5,awgn,16qam,42003877
3752,1,-5,awgn,16qam,42003878
3753,1,-5,awgn,bpsk,42003879
3754,1,-5,awgn,bpsk,42003880
3755,1,-5,awgn,qpsk,42003881
3756,1,-5,awgn,bpsk,42003882
3757,1,-5,awgn,bpsk,42003883
3758,1,-5,awgn,16qam,42003884
3759,1,-5,awgn,16qam,42003885
3760,1,-5,awgn,bpsk,42003886
3761,1,-5,awgn,16qam,42003887
3762,1,-5,awgn,bpsk,42003888
3763,1,-5,awgn,bpsk,42003889
3764,1,-5,awgn,bpsk,42003890
3765,1,-5,awgn,bpsk,42003891
3766,1,-5,awgn,16qam,42003892
3767,1,-5,awgn,16qam,42003893
3768,1,-5,awgn,bpsk,42003894
3769,1,-5,awgn,bpsk,42003895
3770,1,-5,awgn,16qam,42003896
3771,1,-5,awgn,bpsk,42003897
3772,1,-5,awgn,qpsk,42003898
3773,1,-5,awgn,qpsk,42003899
3774,1,-5,awgn,qpsk,42003900
3775,1,-5,awgn,qpsk,42003901
3776,1,-5,awgn,bpsk,42003902
3777,1,-5,awgn,qpsk,42003903
3778,1,-5,awgn,bpsk,42003904
3779,1,-5,awgn,qpsk,42003905
3780,1,-5,awgn,16qam,42003906
3781,1,-5,awgn,qpsk,42003907
3782,1,-5,awgn,16qam,42003908
3783,1,-5,awgn,16qam,42003909
3784,1,-5,awgn,qpsk,42003910
3785,1,-5,awgn,bpsk,42003911
3786,1,-5,awgn,16qam,42003912
3787,1,-5,awgn,bpsk,42003913
3788,1,-5,awgn,bpsk,42003914
3789,1,-5,awgn,qpsk,42003915
3790,1,-5,awgn,bpsk,42003916
3791,1,-5,awgn,16qam,42003917
3792,1,-5,awgn,bpsk,42003918
3793,1,-5,awgn,16qam,42003919
3794,1,-5,awgn,16qam,42003920
3795,1,-5,awgn,bpsk,42003921
3796,1,-5,awgn,16qam,42003922
3797,1,-5,awgn,qpsk,42003923
3798,1,-5,awgn,16qam,42003924
3799,1,-5,awgn,bpsk,42003925
3800,0,-5,awgn,none,42003926
3801,0,-5,awgn,none,42003927
3802,0,-5,awgn,none,42003928
3803,0,-5,awgn,none,42003929
3804,0,-5,awgn,none,42003930
3805,0,-5,awgn,none,42003931
3806,0,-5,awgn,none,42003932
3807,0,-5,awgn,none,42003933
3808,0,-5,awgn,none,42003934
3809,0,-5,awgn,none,42003935
3810,0,-5,awgn,none,42003936
3811,0,-5,awgn,none,42003937
3812,0,-5,awgn,none,42003938
3813,0,-5,awgn,none,42003939
3814,0,-5,awgn,none,42003940
3815,0,-5,awgn,none,42003941
3816,0,-5,awgn,none,42003942
3817,0,-5,awgn,none,42003943
3818,0,-5,awgn,none,42003944
3819,0,-5,awgn,none,42003945
3820,0,-5,awgn,none,42003946
3821,0,-5,awgn,none,42003947
3822,0,-5,awgn,none,42003948
3823,0,-5,awgn,none,42003949
3824,0,-5,awgn,none,42003950
3825,0,-5,awgn,none,42003951
3826,0,-5,awgn,none,42003952
3827,0,-5,awgn,none,42003953
3828,0,-5,awgn,none,42003954
3829,0,-5,awgn,none,42003955
3830,0,-5,awgn,none,42003956
3831,0,-5,awgn,none,42003957
3832,0,-5,awgn,none,42003958
3833,0,-5,awgn,none,42003959
3834,0,-5,awgn,none,42003960
3835,0,-5,awgn,none,42003961
3836,0,-5,awgn,none,42003962
3837,0,-5,awgn,none,42003963
3838,0,-5,awgn,none,42003964
3839,0,-5,awgn,none,42003965
3840,0,-5,awgn,none,42003966
3841,0,-5,awgn,none,42003967
3842,0,-5,awgn,none,42003968
3843,0,-5,awgn,none,42003969
3844,0,-5,awgn,none,42003970
3845,0,-5,awgn,none,42003971
3846,0,-5,awgn,none,42003972
3847,0,-5,awgn,none,42003973
3848,0,-5,awgn,none,42003974
3849,0,-5,awgn,none,42003975
3850,0,-5,awgn,none,42003976
3851,0,-5,awgn,none,42003977
3852,0,-5,awgn,none,42003978
3853,0,-5,awgn,none,42003979
3854,0,-5,awgn,none,42003980
3855,0,-5,awgn,none,42003981
3856,0,-5,awgn,none,42003982
3857,0,-5,awgn,none,42003983
3858,0,-5,awgn,none,42003984
3859,0,-5,awgn,none,42003985
3860,0,-5,awgn,none,42003986
3861,0,-5,awgn,none,42003987
3862,0,-5,awgn,none,42003988
3863,0,-5,awgn,none,42003989
3864,0,-5,awgn,none,42003990
3865,0,-5,awgn,none,42003991
3866,0,-5,awgn,none,42003992
3867,0,-5,awgn,none,42003993
3868,0,-5,awgn,none,42003994
3869,0,-5,awgn,none,42003995
3870,0,-5,awgn,none,42003996
3871,0,-5,awgn,none,42003997
3872,0,-5,awgn,none,42003998
3873,0,-5,awgn,none,42003999
3874,0,-5,awgn,none,42004000
3875,0,-5,awgn,none,42004001
3876,0,-5,awgn,none,42004002
3877,0,-5,awgn,none,42004003
3878,0,-5,awgn,none,42004004
3879,0,-5,awgn,none,42004005
3880,0,-5,awgn,none,42004006
3881,0,-5,awgn,none,42004007
3882,0,-5,awgn,none,42004008
3883,0,-5,awgn,none,42004009
3884,0,-5,awgn,none,42004010
3885,0,-5,awgn,none,42004011
3886,0,-5,awgn,none,42004012
3887,0,-5,awgn,none,42004013
3888,0,-5,awgn,none,42004014
3889,0,-5,awgn,none,42004015
3890,0,-5,awgn,none,42004016
3891,0,-5,awgn,none,42004017
3892,0,-5,awgn,none,42004018
3893,0,-5,awgn,none,42004019
3894,0,-5,awgn,none,42004020
3895,0,-5,awgn,none,42004021
3896,0,-5,awgn,none,42004022
3897,0,-5,awgn,none,42004023
3898,0,-5,awgn,none,42004024
3899,0,-5,awgn,none,42004025
3900,0,-5,awgn,none,42004026
3901,0,-5,awgn,none,42004027
3902,0,-5,awgn,none,42004028
3903,0,-5,awgn,none,42004029
3904,0,-5,awgn,none,42004030
3905,0,-5,awgn,none,42004031
3906,0,-5,awgn,none,42004032
3907,0,-5,awgn,none,42004033
3908,0,-5,awgn,none,42004034
3909,0,-5,awgn,none,42004035
3910,0,-5,awgn,none,42004036
3911,0,-5,awgn,none,42004037
3912,0,-5,awgn,none,42004038
3913,0,-5,awgn,none,42004039
3914,0,-5,awgn,none,42004040
3915,0,-5,awgn,none,42004041
3916,0,-5,awgn,none,42004042
3917,0,-5,awgn,none,42004043
3918,0,-5,awgn,none,42004044
3919,0,-5,awgn,none,42004045
3920,0,-5,awgn,none,42004046
3921,0,-5,awgn,none,42004047
3922,0,-5,awgn,none,42004048
3923,0,-5,awgn,none,42004049
3924,0,-5,awgn,none,42004050
3925,0,-5,awgn,none,42004051
3926,0,-5,awgn,none,42004052
3927,0,-5,awgn,none,42004053
3928,0,-5,awgn,none,42004054
3929,0,-5,awgn,none,42004055
3930,0,-5,awgn,none,42004056
3931,0,-5,awgn,none,42004057
3932,0,-5,awgn,none,42004058
3933,0,-5,awgn,none,42004059
3934,0,-5,awgn,none,42004060
3935,0,-5,awgn,none,42004061
3936,0,-5,awgn,none,42004062
3937,0,-5,awgn,none,42004063
3938,0,-5,awgn,none,42004064
3939,0,-5,awgn,none,42004065
3940,0,-5,awgn,none,42004066
3941,0,-5,awgn,none,42004067
3942,0,-5,awgn,none,42004068
3943,0,-5,awgn,none,42004069
3944,0,-5,awgn,none,42004070
3945,0,-5,awgn,none,42004071
3946,0,-5,awgn,none,42004072
3947,0,-5,awgn,none,42004073
3948,0,-5,awgn,none,42004074
3949,0,-5,awgn,none,42004075
3950,0,-5,awgn,none,42004076
3951,0,-5,awgn,none,42004077
3952,0,-5,awgn,none,42004078
3953,0,-5,awgn,none,42004079
3954,0,-5,awgn,none,42004080
3955,0,-5,awgn,none,42004081
3956,0,-5,awgn,none,42004082
3957,0,-5,awgn,none,42004083
3958,0,-5,awgn,none,42004084
3959,0,-5,awgn,none,42004085
3960,0,-5,awgn,none,42004086
3961,0,-5,awgn,none,42004087
3962,0,-5,awgn,none,42004088
3963,0,-5,awgn,none,42004089
3964,0,-5,awgn,none,42004090
3965,0,-5,awgn,none,42004091
3966,0,-5,awgn,none,42004092
3967,0,-5,awgn,none,42004093
3968,0,-5,awgn,none,42004094
3969,0,-5,awgn,none,42004095
3970,0,-5,awgn,none,42004096
3971,0,-5,awgn,none,42004097
3972,0,-5,awgn,none,42004098
3973,0,-5,awgn,none,42004099
3974,0,-5,awgn,none,42004100
3975,0,-5,awgn,none,42004101
3976,0,-5,awgn,none,42004102
3977,0,-5,awgn,none,42004103
3978,0,-5,awgn,none,42004104
3979,0,-5,awgn,none,42004105
3980,0,-5,awgn,none,42004106
3981,0,-5,awgn,none,42004107
3982,0,-5,awgn,none,42004108
3983,0,-5,awgn,none,42004109
3984,0,-5,awgn,none,42004110
3985,0,-5,awgn,none,42004111
3986,0,-5,awgn,none,42004112
3987,0,-5,awgn,none,42004113
3988,0,-5,awgn,none,42004114
3989,0,-5,awgn,none,42004115
3990,0,-5,awgn,none,42004116
3991,0,-5,awgn,none,42004117
3992,0,-5,awgn,none,42004118
3993,0,-5,awgn,none,42004119
3994,0,-5,awgn,none,42004120
3995,0,-5,awgn,none,42004121
3996,0,-5,awgn,none,42004122
3997,0,-5,awgn,none,42004123
3998,0,-5,awgn,none,42004124
3999,0,-5,awgn,none,42004125
4000,1,-5,rayleigh,16qam,42004126
4001,1,-5,rayleigh,qpsk,42004127
4002,1,-5,rayleigh,16qam,42004128
4003,1,-5,rayleigh,qpsk,42004129
4004,1,-5,rayleigh,qpsk,42004130
4005,1,-5,rayleigh,qpsk,42004131
4006,1,-5,rayleigh,qpsk,42004132
4007,1,-5,rayleigh,16qam,42004133
4008,1,-5,rayleigh,bpsk,42004134
4009,1,-5,rayleigh,bpsk,42004135
4010,1,-5,rayleigh,qpsk,42004136
4011,1,-5,rayleigh,bpsk,42004137
4012,1,-5,rayleigh,qpsk,42004138
4013,1,-5,rayleigh,qpsk,42004139
4014,1,-5,rayleigh,qpsk,42004140
4015,1,-5,rayleigh,16qam,42004141
4016,1,-5,rayleigh,bpsk,42004142
4017,1,-5,rayleigh,qpsk,42004143
4018,1,-5,rayleigh,qpsk,42004144
4019,1,-5,rayleigh,16qam,42004145
4020,1,-5,rayleigh,bpsk,42004146
4021,1,-5,rayleigh,bpsk,42004147
4022,1,-5,rayleigh,16qam,42004148
4023,1,-5,rayleigh,qpsk,42004149
4024,1,-5,rayleigh,16qam,42004150
4025,1,-5,rayleigh,16qam,42004151
4026,1,-5,rayleigh,16qam,42004152
4027,1,-5,rayleigh,qpsk,42004153
4028,1,-5,rayleigh,16qam,42004154
4029,1,-5,rayleigh,bpsk,42004155
4030,1,-5,rayleigh,bpsk,42004156
4031,1,-5,rayleigh,qpsk,42004157
4032,1,-5,rayleigh,bpsk,42004158
4033,1,-5,rayleigh,16qam,42004159
4034,1,-5,rayleigh,16qam,42004160
4035,1,-5,rayleigh,bpsk,42004161
4036,1,-5,rayleigh,16qam,42004162
4037,1,-5,rayleigh,16qam,42004163
4038,1,-5,rayleigh,16qam,42004164
4039,1,-5,rayleigh,bpsk,42004165
4040,1,-5,rayleigh,bpsk,42004166
4041,1,-5,rayleigh,qpsk,42004167
4042,1,-5,rayleigh,16qam,42004168
4043,1,-5,rayleigh,16qam,42004169
4044,1,-5,rayleigh,16qam,42004170
4045,1,-5,rayleigh,16qam,42004171
4046,1,-5,rayleigh,16qam,42004172
4047,1,-5,rayleigh,bpsk,42004173
4048,1,-5,rayleigh,16qam,42004174
4049,1,-5,rayleigh,16qam,42004175
4050,1,-5,rayleigh,qpsk,42004176
4051,1,-5,rayleigh,bpsk,42004177
4052,1,-5,rayleigh,bpsk,42004178
4053,1,-5,rayleigh,bpsk,42004179
4054,1,-5,rayleigh,16qam,42004180
4055,1,-5,rayleigh,qpsk,42004181
4056,1,-5,rayleigh,16qam,42004182
4057,1,-5,rayleigh,qpsk,42004183
4058,1,-5,rayleigh,qpsk,42004184
4059,1,-5,rayleigh,qpsk,42004185
4060,1,-5,rayleigh,bpsk,42004186
4061,1,-5,rayleigh,16qam,42004187
4062,1,-5,rayleigh,bpsk,42004188
4063,1,-5,rayleigh,qpsk,42004189
4064,1,-5,rayleigh,16qam,42004190
4065,1,-5,rayleigh,bpsk,42004191
4066,1,-5,rayleigh,16qam,42004192
4067,1,-5,rayleigh,qpsk,42004193
4068,1,-5,rayleigh,qpsk,42004194
4069,1,-5,rayleigh,qpsk,42004195
4070,1,-5,rayleigh,qpsk,42004196
4071,1,-5,rayleigh,qpsk,42004197
4072,1,-5,rayleigh,16qam,42004198
4073,1,-5,rayleigh,qpsk,42004199
4074,1,-5,rayleigh,16qam,42004200
4075,1,-5,rayleigh,qpsk,42004201
4076,1,-5,rayleigh,qpsk,42004202
4077,1,-5,rayleigh,qpsk,42004203
4078,1,-5,rayleigh,bpsk,42004204
4079,1,-5,rayleigh,16qam,42004205
4080,1,-5,rayleigh,qpsk,42004206
4081,1,-5,rayleigh,16qam,42004207
4082,1,-5,rayleigh,qpsk,42004208
4083,1,-5,rayleigh,qpsk,42004209
4084,1,-5,rayleigh,bpsk,42004210
4085,1,-5,rayleigh,bpsk,42004211
4086,1,-5,rayleigh,16qam,42004212
4087,1,-5,rayleigh,bpsk,42004213
4088,1,-5,rayleigh,qpsk,42004214
4089,1,-5,rayleigh,qpsk,42004215
4090,1,-5,rayleigh,qpsk,42004216
4091,1,-5,rayleigh,qpsk,42004217
4092,1,-5,rayleigh,16qam,42004218
4093,1,-5,rayleigh,16qam,42004219
4094,1,-5,rayleigh,qpsk,42004220
4095,1,-5,rayleigh,qpsk,42004221
4096,1,-5,rayleigh,qpsk,42004222
4097,1,-5,rayleigh,qpsk,42004223
4098,1,-5,rayleigh,qpsk,42004224
4099,1,-5,rayleigh,qpsk,42004225
4100,1,-5,rayleigh,bpsk,42004226
4101,1,-5,rayleigh,bpsk,42004227
4102,1,-5,rayleigh,qpsk,42004228
4103,1,-5,rayleigh,bpsk,42004229
4104,1,-5,rayleigh,16qam,42004230
4105,1,-5,rayleigh,bpsk,42004231
4106,1,-5,rayleigh,bpsk,42004232
4107,1,-5,rayleigh,16qam,42004233
4108,1,-5,rayleigh,bpsk,42004234
4109,1,-5,rayleigh,bpsk,42004235
4110,1,-5,rayleigh,16qam,42004236
4111,1,-5,rayleigh,16qam,42004237
4112,1,-5,rayleigh,qpsk,42004238
4113,1,-5,rayleigh,qpsk,42004239
4114,1,-5,rayleigh,qpsk,42004240
4115,1,-5,rayleigh,16qam,42004241
4116,1,-5,rayleigh,16qam,42004242
4117,1,-5,rayleigh,bpsk,42004243
4118,1,-5,rayleigh,qpsk,42004244
4119,1,-5,rayleigh,qpsk,42004245
4120,1,-5,rayleigh,16qam,42004246
4121,1,-5,rayleigh,bpsk,42004247
4122,1,-5,rayleigh,qpsk,42004248
4123,1,-5,rayleigh,qpsk,42004249
4124,1,-5,rayleigh,bpsk,42004250
4125,1,-5,rayleigh,qpsk,42004251
4126,1,-5,rayleigh,16qam,42004252
4127,1,-5,rayleigh,qpsk,42004253
4128,1,-5,rayleigh,bpsk,42004254
4129,1,-5,rayleigh,qpsk,42004255
4130,1,-5,rayleigh,qpsk,42004256
4131,1,-5,rayleigh,qpsk,42004257
4132,1,-5,rayleigh,16qam,42004258
4133,1,-5,rayleigh,bpsk,42004259
4134,1,-5,rayleigh,bpsk,42004260
4135,1,-5,rayleigh,bpsk,42004261
4136,1,-5,rayleigh,16qam,42004262
4137,1,-5,rayleigh,qpsk,42004263
4138,1,-5,rayleigh,bpsk,42004264
4139,1,-5,rayleigh,16qam,42004265
4140,1,-5,rayleigh,16qam,42004266
4141,1,-5,rayleigh,bpsk,42004267
4142,1,-5,rayleigh,qpsk,42004268
4143,1,-5,rayleigh,bpsk,42004269
4144,1,-5,rayleigh,bpsk,42004270
4145,1,-5,rayleigh,16qam,42004271
4146,1,-5,rayleigh,bpsk,42004272
4147,1,-5,rayleigh,qpsk,42004273
4148,1,-5,rayleigh,bpsk,42004274
4149,1,-5,rayleigh,bpsk,42004275
4150,1,-5,rayleigh,16qam,42004276
4151,1,-5,rayleigh,bpsk,42004277
4152,1,-5,rayleigh,16qam,42004278
4153,1,-5,rayleigh,16qam,42004279
4154,1,-5,rayleigh,bpsk,42004280
4155,1,-5,rayleigh,bpsk,42004281
4156,1,-5,rayleigh,16qam,42004282
4157,1,-5,rayleigh,bpsk,42004283
4158,1,-5,rayleigh,qpsk,42004284
4159,1,-5,rayleigh,16qam,42004285
4160,1,-5,rayleigh,16qam,42004286
4161,1,-5,rayleigh,qpsk,42004287
4162,1,-5,rayleigh,qpsk,42004288
4163,1,-5,rayleigh,16qam,42004289
4164,1,-5,rayleigh,qpsk,42004290
4165,1,-5,rayleigh,bpsk,42004291
4166,1,-5,rayleigh,16qam,42004292
4167,1,-5,rayleigh,qpsk,42004293
4168,1,-5,rayleigh,qpsk,42004294
4169,1,-5,rayleigh,qpsk,42004295
4170,1,-5,rayleigh,bpsk,42004296
4171,1,-5,rayleigh,16qam,42004297
4172,1,-5,rayleigh,qpsk,42004298
4173,1,-5,rayleigh,bpsk,42004299
4174,1,-5,rayleigh,16qam,42004300
4175,1,-5,rayleigh,bpsk,42004301
4176,1,-5,rayleigh,16qam,42004302
4177,1,-5,rayleigh,qpsk,42004303
4178,1,-5,rayleigh,qpsk,42004304
4179,1,-5,rayleigh,bpsk,42004305
4180,1,-5,rayleigh,bpsk,42004306
4181,1,-5,rayleigh,qpsk,42004307
4182,1,-5,rayleigh,qpsk,42004308
4183,1,-5,rayleigh,qpsk,42004309
4184,1,-5,rayleigh,16qam,42004310
4185,1,-5,rayleigh,16qam,42004311
4186,1,-5,rayleigh,bpsk,42004312
4187,1,-5,rayleigh,bpsk,42004313
4188,1,-5,rayleigh,qpsk,42004314
4189,1,-5,rayleigh,16qam,42004315
4190,1,-5,rayleigh,bpsk,42004316
4191,1,-5,rayleigh,qpsk,42004317
4192,1,-5,rayleigh,qpsk,42004318
4193,1,-5,rayleigh,bpsk,42004319
4194,1,-5,rayleigh,16qam,42004320
4195,1,-5,rayleigh,bpsk,42004321
4196,1,-5,rayleigh,qpsk,42004322
4197,1,-5,rayleigh,qpsk,42004323
4198,1,-5,rayleigh,bpsk,42004324
4199,1,-5,rayleigh,bpsk,42004325
4200,0,-5,rayleigh,none,42004326
4201,0,-5,rayleigh,none,42004327
4202,0,-5,rayleigh,none,42004328
4203,0,-5,rayleigh,none,42004329
4204,0,-5,rayleigh,none,42004330
4205,0,-5,rayleigh,none,42004331
4206,0,-5,rayleigh,none,42004332
4207,0,-5,rayleigh,none,42004333
4208,0,-5,rayleigh,none,42004334
4209,0,-5,rayleigh,none,42004335
4210,0,-5,rayleigh,none,42004336
4211,0,-5,rayleigh,none,42004337
4212,0,-5,rayleigh,none,42004338
4213,0,-5,rayleigh,none,42004339
4214,0,-5,rayleigh,none,42004340
4215,0,-5,rayleigh,none,42004341
4216,0,-5,rayleigh,none,42004342
4217,0,-5,rayleigh,none,42004343
4218,0,-5,rayleigh,none,42004344
4219,0,-5,rayleigh,none,42004345
4220,0,-5,rayleigh,none,42004346
4221,0,-5,rayleigh,none,42004347
4222,0,-5,rayleigh,none,42004348
4223,0,-5,rayleigh,none,42004349
4224,0,-5,rayleigh,none,42004350
4225,0,-5,rayleigh,none,42004351
4226,0,-5,rayleigh,none,42004352
4227,0,-5,rayleigh,none,42004353
4228,0,-5,rayleigh,none,42004354
4229,0,-5,rayleigh,none,42004355
4230,0,-5,rayleigh,none,42004356
4231,0,-5,rayleigh,none,42004357
4232,0,-5,rayleigh,none,42004358
4233,0,-5,rayleigh,none,42004359
4234,0,-5,rayleigh,none,42004360
4235,0,-5,rayleigh,none,42004361
4236,0,-5,rayleigh,none,42004362
4237,0,-5,rayleigh,none,42004363
4238,0,-5,rayleigh,none,42004364
4239,0,-5,rayleigh,none,42004365
4240,0,-5,rayleigh,none,42004366
4241,0,-5,rayleigh,none,42004367
4242,0,-5,rayleigh,none,42004368
4243,0,-5,rayleigh,none,42004369
4244,0,-5,rayleigh,none,42004370
4245,0,-5,rayleigh,none,42004371
4246,0,-5,rayleigh,none,42004372
4247,0,-5,rayleigh,none,42004373
4248,0,-5,rayleigh,none,42004374
4249,0,-5,rayleigh,none,42004375
4250,0,-5,rayleigh,none,42004376
4251,0,-5,rayleigh,none,42004377
4252,0,-5,rayleigh,none,42004378
4253,0,-5,rayleigh,none,42004379
4254,0,-5,rayleigh,none,42004380
4255,0,-5,rayleigh,none,42004381
4256,0,-5,rayleigh,none,42004382
4257,0,-5,rayleigh,none,42004383
4258,0,-5,rayleigh,none,42004384
4259,0,-5,rayleigh,none,42004385
4260,0,-5,rayleigh,none,42004386
4261,0,-5,rayleigh,none,42004387
4262,0,-5,rayleigh,none,42004388
4263,0,-5,rayleigh,none,42004389
4264,0,-5,rayleigh,none,42004390
4265,0,-5,rayleigh,none,42004391
4266,0,-5,rayleigh,none,42004392
4267,0,-5,rayleigh,none,42004393
4268,0,-5,rayleigh,none,42004394
4269,0,-5,rayleigh,none,42004395
4270,0,-5,rayleigh,none,42004396
4271,0,-5,rayleigh,none,42004397
4272,0,-5,rayleigh,none,42004398
4273,0,-5,rayleigh,none,42004399
4274,0,-5,rayleigh,none,42004400
4275,0,-5,rayleigh,none,42004401
4276,0,-5,rayleigh,none,42004402
4277,0,-5,rayleigh,none,42004403
4278,0,-5,rayleigh,none,42004404
4279,0,-5,rayleigh,none,42004405
4280,0,-5,rayleigh,none,42004406
4281,0,-5,rayleigh,none,42004407
4282,0,-5,rayleigh,none,42004408
4283,0,-5,rayleigh,none,42004409
4284,0,-5,rayleigh,none,42004410
4285,0,-5,rayleigh,none,42004411
4286,0,-5,rayleigh,none,42004412
4287,0,-5,rayleigh,none,42004413
4288,0,-5,rayleigh,none,42004414
4289,0,-5,rayleigh,none,42004415
4290,0,-5,rayleigh,none,42004416
4291,0,-5,rayleigh,none,42004417
4292,0,-5,rayleigh,none,42004418
4293,0,-5,rayleigh,none,42004419
4294,0,-5,rayleigh,none,42004420
4295,0,-5,rayleigh,none,42004421
4296,0,-5,rayleigh,none,42004422
4297,0,-5,rayleigh,none,42004423
4298,0,-5,rayleigh,none,42004424
4299,0,-5,rayleigh,none,42004425
4300,0,-5,rayleigh,none,42004426
4301,0,-5,rayleigh,none,42004427
4302,0,-5,rayleigh,none,42004428
4303,0,-5,rayleigh,none,42004429
4304,0,-5,rayleigh,none,42004430
4305,0,-5,rayleigh,none,42004431
4306,0,-5,rayleigh,none,42004432
4307,0,-5,rayleigh,none,42004433
4308,0,-5,rayleigh,none,42004434
4309,0,-5,rayleigh,none,42004435
4310,0,-5,rayleigh,none,42004436
4311,0,-5,rayleigh,none,42004437
4312,0,-5,rayleigh,none,42004438
4313,0,-5,rayleigh,none,42004439
4314,0,-5,rayleigh,none,42004440
4315,0,-5,rayleigh,none,42004441
4316,0,-5,rayleigh,none,42004442
4317,0,-5,rayleigh,none,42004443
4318,0,-5,rayleigh,none,42004444
4319,0,-5,rayleigh,none,42004445
4320,0,-5,rayleigh,none,42004446
4321,0,-5,rayleigh,none,42004447
4322,0,-5,rayleigh,none,42004448
4323,0,-5,rayleigh,none,42004449
4324,0,-5,rayleigh,none,42004450
4325,0,-5,rayleigh,none,42004451
4326,0,-5,rayleigh,none,42004452
4327,0,-5,rayleigh,none,42004453
4328,0,-5,rayleigh,none,42004454
4329,0,-5,rayleigh,none,42004455
4330,0,-5,rayleigh,none,42004456
4331,0,-5,rayleigh,none,42004457
4332,0,-5,rayleigh,none,42004458
4333,0,-5,rayleigh,none,42004459
4334,0,-5,rayleigh,none,42004460
4335,0,-5,rayleigh,none,42004461
4336,0,-5,rayleigh,none,42004462
4337,0,-5,rayleigh,none,42004463
4338,0,-5,rayleigh,none,42004464
4339,0,-5,rayleigh,none,42004465
4340,0,-5,rayleigh,none,42004466
4341,0,-5,rayleigh,none,42004467
4342,0,-5,rayleigh,none,42004468
4343,0,-5,rayleigh,none,42004469
4344,0,-5,rayleigh,none,42004470
4345,0,-5,rayleigh,none,42004471
4346,0,-5,rayleigh,none,42004472
4347,0,-5,rayleigh,none,42004473
4348,0,-5,rayleigh,none,42004474
4349,0,-5,rayleigh,none,42004475
4350,0,-5,rayleigh,none,42004476
4351,0,-5,rayleigh,none,42004477
4352,0,-5,rayleigh,none,42004478
4353,0,-5,rayleigh,none,42004479
4354,0,-5,rayleigh,none,42004480
4355,0,-5,rayleigh,none,42004481
4356,0,-5,rayleigh,none,42004482
4357,0,-5,rayleigh,none,42004483
4358,0,-5,rayleigh,none,42004484
4359,0,-5,rayleigh,none,42004485
4360,0,-5,rayleigh,none,42004486
4361,0,-5,rayleigh,none,42004487
4362,0,-5,rayleigh,none,42004488
4363,0,-5,rayleigh,none,42004489
4364,0,-5,rayleigh,none,42004490
4365,0,-5,rayleigh,none,42004491
4366,0,-5,rayleigh,none,42004492
4367,0,-5,rayleigh,none,42004493
4368,0,-5,rayleigh,none,42004494
4369,0,-5,rayleigh,none,42004495
4370,0,-5,rayleigh,none,42004496
4371,0,-5,rayleigh,none,42004497
4372,0,-5,rayleigh,none,42004498
4373,0,-5,rayleigh,none,42004499
4374,0,-5,rayleigh,none,42004500
4375,0,-5,rayleigh,none,42004501
4376,0,-5,rayleigh,none,42004502
4377,0,-5,rayleigh,none,42004503
4378,0,-5,rayleigh,none,42004504
4379,0,-5,rayleigh,none,42004505
4380,0,-5,rayleigh,none,42004506
4381,0,-5,rayleigh,none,42004507
4382,0,-5,rayleigh,none,42004508
4383,0,-5,rayleigh,none,42004509
4384,0,-5,rayleigh,none,42004510
4385,0,-5,rayleigh,none,42004511
4386,0,-5,rayleigh,none,42004512
4387,0,-5,rayleigh,none,42004513
4388,0,-5,rayleigh,none,42004514
4389,0,-5,rayleigh,none,42004515
4390,0,-5,rayleigh,none,42004516
4391,0,-5,rayleigh,none,42004517
4392,0,-5,rayleigh,none,42004518
4393,0,-5,rayleigh,none,42004519
4394,0,-5,rayleigh,none,42004520
4395,0,-5,rayleigh,none,42004521
4396,0,-5,rayleigh,none,42004522
4397,0,-5,rayleigh,none,42004523
4398,0,-5,rayleigh,none,42004524
4399,0,-5,rayleigh,none,42004525
4400,1,-5,rician,16qam,42004526
4401,1,-5,rician,bpsk,42004527
4402,1,-5,rician,16qam,42004528
4403,1,-5,rician,16qam,42004529
4404,1,-5,rician,bpsk,42004530
4405,1,-5,rician,16qam,42004531
4406,1,-5,rician,qpsk,42004532
4407,1,-5,rician,bpsk,42004533
4408,1,-5,rician,16qam,42004534
4409,1,-5,rician,bpsk,42004535
4410,1,-5,rician,16qam,42004536
4411,1,-5,rician,16qam,42004537
4412,1,-5,rician,qpsk,42004538
4413,1,-5,rician,qpsk,42004539
4414,1,-5,rician,bpsk,42004540
4415,1,-5,rician,16qam,42004541
4416,1,-5,rician,qpsk,42004542
4417,1,-5,rician,16qam,42004543
4418,1,-5,rician,16qam,42004544
4419,1,-5,rician,qpsk,42004545
4420,1,-5,rician,qpsk,42004546
4421,1,-5,rician,bpsk,42004547
4422,1,-5,rician,qpsk,42004548
4423,1,-5,rician,qpsk,42004549
4424,1,-5,rician,16qam,42004550
4425,1,-5,rician,16qam,42004551
4426,1,-5,rician,bpsk,42004552
4427,1,-5,rician,bpsk,42004553
4428,1,-5,rician,bpsk,42004554
4429,1,-5,rician,qpsk,42004555
4430,1,-5,rician,16qam,42004556
4431,1,-5,rician,16qam,42004557
4432,1,-5,rician,bpsk,42004558
4433,1,-5,rician,bpsk,42004559
4434,1,-5,rician,bpsk,42004560
4435,1,-5,rician,qpsk,42004561
4436,1,-5,rician,qpsk,42004562
4437,1,-5,rician,bpsk,42004563
4438,1,-5,rician,qpsk,42004564
4439,1,-5,rician,qpsk,42004565
4440,1,-5,rician,16qam,42004566
4441,1,-5,rician,qpsk,42004567
4442,1,-5,rician,bpsk,42004568
4443,1,-5,rician,bpsk,42004569
4444,1,-5,rician,bpsk,42004570
4445,1,-5,rician,bpsk,42004571
4446,1,-5,rician,bpsk,42004572
4447,1,-5,rician,bpsk,42004573
4448,1,-5,rician,16qam,42004574
4449,1,-5,rician,bpsk,42004575
4450,1,-5,rician,qpsk,42004576
4451,1,-5,rician,16qam,42004577
4452,1,-5,rician,16qam,42004578
4453,1,-5,rician,bpsk,42004579
4454,1,-5,rician,bpsk,42004580
4455,1,-5,rician,qpsk,42004581
4456,1,-5,rician,bpsk,42004582
4457,1,-5,rician,16qam,42004583
4458,1,-5,rician,16qam,42004584
4459,1,-5,rician,bpsk,42004585
4460,1,-5,rician,bpsk,42004586
4461,1,-5,rician,16qam,42004587
4462,1,-5,rician,16qam,42004588
4463,1,-5,rician,bpsk,42004589
4464,1,-5,rician,bpsk,42004590
4465,1,-5,rician,bpsk,42004591
4466,1,-5,rician,16qam,42004592
4467,1,-5,rician,16qam,42004593
4468,1,-5,rician,16qam,42004594
4469,1,-5,rician,bpsk,42004595
4470,1,-5,rician,qpsk,42004596
4471,1,-5,rician,bpsk,42004597
4472,1,-5,rician,qpsk,42004598
4473,1,-5,rician,16qam,42004599
4474,1,-5,rician,bpsk,42004600
4475,1,-5,rician,16qam,42004601
4476,1,-5,rician,bpsk,42004602
4477,1,-5,rician,bpsk,42004603
4478,1,-5,rician,bpsk,42004604
4479,1,-5,rician,16qam,42004605
4480,1,-5,rician,16qam,42004606
4481,1,-5,rician,qpsk,42004607
4482,1,-5,rician,bpsk,42004608
4483,1,-5,rician,bpsk,42004609
4484,1,-5,rician,qpsk,42004610
4485,1,-5,rician,16qam,42004611
4486,1,-5,rician,qpsk,42004612
4487,1,-5,rician,qpsk,42004613
4488,1,-5,rician,bpsk,42004614
4489,1,-5,rician,16qam,42004615
4490,1,-5,rician,bpsk,42004616
4491,1,-5,rician,qpsk,42004617
4492,1,-5,rician,bpsk,42004618
4493,1,-5,rician,bpsk,42004619
4494,1,-5,rician,bpsk,42004620
4495,1,-5,rician,16qam,42004621
4496,1,-5,rician,bpsk,42004622
4497,1,-5,rician,qpsk,42004623
4498,1,-5,rician,qpsk,42004624
4499,1,-5,rician,16qam,42004625
4500,1,-5,rician,16qam,42004626
4501,1,-5,rician,qpsk,42004627
4502,1,-5,rician,bpsk,42004628
4503,1,-5,rician,16qam,42004629
4504,1,-5,rician,bpsk,42004630
4505,1,-5,rician,16qam,42004631
4506,1,-5,rician,bpsk,42004632
4507,1,-5,rician,qpsk,42004633
4508,1,-5,rician,16qam,42004634
4509,1,-5,rician,bpsk,42004635
4510,1,-5,rician,bpsk,42004636
4511,1,-5,rician,qpsk,42004637
4512,1,-5,rician,bpsk,42004638
4513,1,-5,rician,bpsk,42004639
4514,1,-5,rician,16qam,42004640
4515,1,-5,rician,bpsk,42004641
4516,1,-5,rician,bpsk,42004642
4517,1,-5,rician,16qam,42004643
4518,1,-5,rician,qpsk,42004644
4519,1,-5,rician,bpsk,42004645
4520,1,-5,rician,bpsk,42004646
4521,1,-5,rician,16qam,42004647
4522,1,-5,rician,qpsk,42004648
4523,1,-5,rician,qpsk,42004649
4524,1,-5,rician,16qam,42004650
4525,1,-5,rician,bpsk,42004651
4526,1,-5,rician,bpsk,42004652
4527,1,-5,rician,16qam,42004653
4528,1,-5,rician,qpsk,42004654
4529,1,-5,rician,qpsk,42004655
4530,1,-5,rician,16qam,42004656
4531,1,-5,rician,bpsk,42004657
4532,1,-5,rician,qpsk,42004658
4533,1,-5,rician,qpsk,42004659
4534,1,-5,rician,16qam,42004660
4535,1,-5,rician,qpsk,42004661
4536,1,-5,rician,qpsk,42004662
4537,1,-5,rician,bpsk,42004663
4538,1,-5,rician,bpsk,42004664
4539,1,-5,rician,qpsk,42004665
4540,1,-5,rician,16qam,42004666
4541,1,-5,rician,bpsk,42004667
4542,1,-5,rician,qpsk,42004668
4543,1,-5,rician,16qam,42004669
4544,1,-5,rician,bpsk,42004670
4545,1,-5,rician,16qam,42004671
4546,1,-5,rician,bpsk,42004672
4547,1,-5,rician,qpsk,42004673
4548,1,-5,rician,bpsk,42004674
4549,1,-5,rician,qpsk,42004675
4550,1,-5,rician,bpsk,42004676
4551,1,-5,rician,16qam,42004677
4552,1,-5,rician,16qam,42004678
4553,1,-5,rician,qpsk,42004679
4554,1,-5,rician,bpsk,42004680
4555,1,-5,rician,16qam,42004681
4556,1,-5,rician,bpsk,42004682
4557,1,-5,rician,bpsk,42004683
4558,1,-5,rician,bpsk,42004684
4559,1,-5,rician,bpsk,42004685
4560,1,-5,rician,bpsk,42004686
4561,1,-5,rician,bpsk,42004687
4562,1,-5,rician,16qam,42004688
4563,1,-5,rician,qpsk,42004689
4564,1,-5,rician,qpsk,42004690
4565,1,-5,rician,16qam,42004691
4566,1,-5,rician,bpsk,42004692
4567,1,-5,rician,qpsk,42004693
4568,1,-5,rician,16qam,42004694
4569,1,-5,rician,16qam,42004695
4570,1,-5,rician,qpsk,42004696
4571,1,-5,rician,16qam,42004697
4572,1,-5,rician,16qam,42004698
4573,1,-5,rician,qpsk,42004699
4574,1,-5,rician,16qam,42004700
4575,1,-5,rician,qpsk,42004701
4576,1,-5,rician,16qam,42004702
4577,1,-5,rician,bpsk,42004703
4578,1,-5,rician,bpsk,42004704
4579,1,-5,rician,bpsk,42004705
4580,1,-5,rician,16qam,42004706
4581,1,-5,rician,bpsk,42004707
4582,1,-5,rician,qpsk,42004708
4583,1,-5,rician,qpsk,42004709
4584,1,-5,rician,16qam,42004710
4585,1,-5,rician,qpsk,42004711
4586,1,-5,rician,bpsk,42004712
4587,1,-5,rician,qpsk,42004713
4588,1,-5,rician,qpsk,42004714
4589,1,-5,rician,16qam,42004715
4590,1,-5,rician,bpsk,42004716
4591,1,-5,rician,qpsk,42004717
4592,1,-5,rician,qpsk,42004718
4593,1,-5,rician,bpsk,42004719
4594,1,-5,rician,bpsk,42004720
4595,1,-5,rician,16qam,42004721
4596,1,-5,rician,16qam,42004722
4597,1,-5,rician,bpsk,42004723
4598,1,-5,rician,qpsk,42004724
4599,1,-5,rician,16qam,42004725
4600,0,-5,rician,none,42004726
4601,0,-5,rician,none,42004727
4602,0,-5,rician,none,42004728
4603,0,-5,rician,none,42004729
4604,0,-5,rician,none,42004730
4605,0,-5,rician,none,42004731
4606,0,-5,rician,none,42004732
4607,0,-5,rician,none,42004733
4608,0,-5,rician,none,42004734
4609,0,-5,rician,none,42004735
4610,0,-5,rician,none,42004736
4611,0,-5,rician,none,42004737
4612,0,-5,rician,none,42004738
4613,0,-5,rician,none,42004739
4614,0,-5,rician,none,42004740
4615,0,-5,rician,none,42004741
4616,0,-5,rician,none,42004742
4617,0,-5,rician,none,42004743
4618,0,-5,rician,none,42004744
4619,0,-5,rician,none,42004745
4620,0,-5,rician,none,42004746
4621,0,-5,rician,none,42004747
4622,0,-5,rician,none,42004748
4623,0,-5,rician,none,42004749
4624,0,-5,rician,none,42004750
4625,0,-5,rician,none,42004751
4626,0,-5,rician,none,42004752
4627,0,-5,rician,none,42004753
4628,0,-5,rician,none,42004754
4629,0,-5,rician,none,42004755
4630,0,-5,rician,none,42004756
4631,0,-5,rician,none,42004757
4632,0,-5,rician,none,42004758
4633,0,-5,rician,none,42004759
4634,0,-5,rician,none,42004760
4635,0,-5,rician,none,42004761
4636,0,-5,rician,none,42004762
4637,0,-5,rician,none,42004763
4638,0,-5,rician,none,42004764
4639,0,-5,rician,none,42004765
4640,0,-5,rician,none,42004766
4641,0,-5,rician,none,42004767
4642,0,-5,rician,none,42004768
4643,0,-5,rician,none,42004769
4644,0,-5,rician,none,42004770
4645,0,-5,rician,none,42004771
4646,0,-5,rician,none,42004772
4647,0,-5,rician,none,42004773
4648,0,-5,rician,none,42004774
4649,0,-5,rician,none,42004775
4650,0,-5,rician,none,42004776
4651,0,-5,rician,none,42004777
4652,0,-5,rician,none,42004778
4653,0,-5,rician,none,42004779
4654,0,-5,rician,none,42004780
4655,0,-5,rician,none,42004781
4656,0,-5,rician,none,42004782
4657,0,-5,rician,none,42004783
4658,0,-5,rician,none,42004784
4659,0,-5,rician,none,42004785
4660,0,-5,rician,none,42004786
4661,0,-5,rician,none,42004787
4662,0,-5,rician,none,42004788
4663,0,-5,rician,none,42004789
4664,0,-5,rician,none,42004790
4665,0,-5,rician,none,42004791
4666,0,-5,rician,none,42004792
4667,0,-5,rician,none,42004793
4668,0,-5,rician,none,42004794
4669,0,-5,rician,none,42004795
4670,0,-5,rician,none,42004796
4671,0,-5,rician,none,42004797
4672,0,-5,rician,none,42004798
4673,0,-5,rician,none,42004799
4674,0,-5,rician,none,42004800
4675,0,-5,rician,none,42004801
4676,0,-5,rician,none,42004802
4677,0,-5,rician,none,42004803
4678,0,-5,rician,none,42004804
4679,0,-5,rician,none,42004805
4680,0,-5,rician,none,42004806
4681,0,-5,rician,none,42004807
4682,0,-5,rician,none,42004808
4683,0,-5,rician,none,42004809
4684,0,-5,rician,none,42004810
4685,0,-5,rician,none,42004811
4686,0,-5,rician,none,42004812
4687,0,-5,rician,none,42004813
4688,0,-5,rician,none,42004814
4689,0,-5,rician,none,42004815
4690,0,-5,rician,none,42004816
4691,0,-5,rician,none,42004817
4692,0,-5,rician,none,42004818
4693,0,-5,rician,none,42004819
4694,0,-5,rician,none,42004820
4695,0,-5,rician,none,42004821
4696,0,-5,rician,none,42004822
4697,0,-5,rician,none,42004823
4698,0,-5,rician,none,42004824
4699,0,-5,rician,none,42004825
4700,0,-5,rician,none,42004826
4701,0,-5,rician,none,42004827
4702,0,-5,rician,none,42004828
4703,0,-5,rician,none,42004829
4704,0,-5,rician,none,42004830
4705,0,-5,rician,none,42004831
4706,0,-5,rician,none,42004832
4707,0,-5,rician,none,42004833
4708,0,-5,rician,none,42004834
4709,0,-5,rician,none,42004835
4710,0,-5,rician,none,42004836
4711,0,-5,rician,none,42004837
4712,0,-5,rician,none,42004838
4713,0,-5,rician,none,42004839
4714,0,-5,rician,none,42004840
4715,0,-5,rician,none,42004841
4716,0,-5,rician,none,42004842
4717,0,-5,rician,none,42004843
4718,0,-5,rician,none,42004844
4719,0,-5,rician,none,42004845
4720,0,-5,rician,none,42004846
4721,0,-5,rician,none,42004847
4722,0,-5,rician,none,42004848
4723,0,-5,rician,none,42004849
4724,0,-5,rician,none,42004850
4725,0,-5,rician,none,42004851
4726,0,-5,rician,none,42004852
4727,0,-5,rician,none,42004853
4728,0,-5,rician,none,42004854
4729,0,-5,rician,none,42004855
4730,0,-5,rician,none,42004856
4731,0,-5,rician,none,42004857
4732,0,-5,rician,none,42004858
4733,0,-5,rician,none,42004859
4734,0,-5,rician,none,42004860
4735,0,-5,rician,none,42004861
4736,0,-5,rician,none,42004862
4737,0,-5,rician,none,42004863
4738,0,-5,rician,none,42004864
4739,0,-5,rician,none,42004865
4740,0,-5,rician,none,42004866
4741,0,-5,rician,none,42004867
4742,0,-5,rician,none,42004868
4743,0,-5,rician,none,42004869
4744,0,-5,rician,none,42004870
4745,0,-5,rician,none,42004871
4746,0,-5,rician,none,42004872
4747,0,-5,rician,none,42004873
4748,0,-5,rician,none,42004874
4749,0,-5,rician,none,42004875
4750,0,-5,rician,none,42004876
4751,0,-5,rician,none,42004877
4752,0,-5,rician,none,42004878
4753,0,-5,rician,none,42004879
4754,0,-5,rician,none,42004880
4755,0,-5,rician,none,42004881
4756,0,-5,rician,none,42004882
4757,0,-5,rician,none,42004883
4758,0,-5,rician,none,42004884
4759,0,-5,rician,none,42004885
4760,0,-5,rician,none,42004886
4761,0,-5,rician,none,42004887
4762,0,-5,rician,none,42004888
4763,0,-5,rician,none,42004889
4764,0,-5,rician,none,42004890
4765,0,-5,rician,none,42004891
4766,0,-5,rician,none,42004892
4767,0,-5,rician,none,42004893
4768,0,-5,rician,none,42004894
4769,0,-5,rician,none,42004895
4770,0,-5,rician,none,42004896
4771,0,-5,rician,none,42004897
4772,0,-5,rician,none,42004898
4773,0,-5,rician,none,42004899
4774,0,-5,rician,none,42004900
4775,0,-5,rician,none,42004901
4776,0,-5,rician,none,42004902
4777,0,-5,rician,none,42004903
4778,0,-5,rician,none,42004904
4779,0,-5,rician,none,42004905
4780,0,-5,rician,none,42004906
4781,0,-5,rician,none,42004907
4782,0,-5,rician,none,42004908
4783,0,-5,rician,none,42004909
4784,0,-5,rician,none,42004910
4785,0,-5,rician,none,42004911
4786,0,-5,rician,none,42004912
4787,0,-5,rician,none,42004913
4788,0,-5,rician,none,42004914
4789,0,-5,rician,none,42004915
4790,0,-5,rician,none,42004916
4791,0,-5,rician,none,42004917
4792,0,-5,rician,none,42004918
4793,0,-5,rician,none,42004919
4794,0,-5,rician,none,42004920
4795,0,-5,rician,none,42004921
4796,0,-5,rician,none,42004922
4797,0,-5,rician,none,42004923
4798,0,-5,rician,none,42004924
4799,0,-5,rician,none,42004925
4800,1,0,awgn,bpsk,42004926
4801,1,0,awgn,qpsk,42004927
4802,1,0,awgn,qpsk,42004928
4803,1,0,awgn,qpsk,42004929
4804,1,0,awgn,qpsk,42004930
4805,1,0,awgn,bpsk,42004931
4806,1,0,awgn,bpsk,42004932
4807,1,0,awgn,qpsk,42004933
4808,1,0,awgn,bpsk,42004934
4809,1,0,awgn,bpsk,42004935
4810,1,0,awgn,16qam,42004936
4811,1,0,awgn,bpsk,42004937
4812,1,0,awgn,qpsk,42004938
4813,1,0,awgn,bpsk,42004939
4814,1,0,awgn,qpsk,42004940
4815,1,0,awgn,16qam,42004941
4816,1,0,awgn,16qam,42004942
4817,1,0,awgn,bpsk,42004943
4818,1,0,awgn,qpsk,42004944
4819,1,0,awgn,qpsk,42004945
4820,1,0,awgn,16qam,42004946
4821,1,0,awgn,bpsk,42004947
4822,1,0,awgn,bpsk,42004948
4823,1,0,awgn,16qam,42004949
4824,1,0,awgn,bpsk,42004950
4825,1,0,awgn,bpsk,42004951
4826,1,0,awgn,bpsk,42004952
4827,1,0,awgn,bpsk,42004953
4828,1,0,awgn,bpsk,42004954
4829,1,0,awgn,bpsk,42004955
4830,1,0,awgn,16qam,42004956
4831,1,0,awgn,bpsk,42004957
4832,1,0,awgn,bpsk,42004958
4833,1,0,awgn,bpsk,42004959
4834,1,0,awgn,16qam,42004960
4835,1,0,awgn,bpsk,42004961
4836,1,0,awgn,qpsk,42004962
4837,1,0,awgn,16qam,42004963
4838,1,0,awgn,16qam,42004964
4839,1,0,awgn,16qam,42004965
4840,1,0,awgn,qpsk,42004966
4841,1,0,awgn,16qam,42004967
4842,1,0,awgn,qpsk,42004968
4843,1,0,awgn,bpsk,42004969
4844,1,0,awgn,qpsk,42004970
4845,1,0,awgn,qpsk,42004971
4846,1,0,awgn,qpsk,42004972
4847,1,0,awgn,qpsk,42004973
4848,1,0,awgn,qpsk,42004974
4849,1,0,awgn,16qam,42004975
4850,1,0,awgn,bpsk,42004976
4851,1,0,awgn,16qam,42004977
4852,1,0,awgn,bpsk,42004978
4853,1,0,awgn,qpsk,42004979
4854,1,0,awgn,qpsk,42004980
4855,1,0,awgn,bpsk,42004981
4856,1,0,awgn,16qam,42004982
4857,1,0,awgn,16qam,42004983
4858,1,0,awgn,bpsk,42004984
4859,1,0,awgn,qpsk,42004985
4860,1,0,awgn,qpsk,42004986
4861,1,0,awgn,bpsk,42004987
4862,1,0,awgn,bpsk,42004988
4863,1,0,awgn,16qam,42004989
4864,1,0,awgn,bpsk,42004990
4865,1,0,awgn,bpsk,42004991
4866,1,0,awgn,bpsk,42004992
4867,1,0,awgn,qpsk,42004993
4868,1,0,awgn,16qam,42004994
4869,1,0,awgn,bpsk,42004995
4870,1,0,awgn,16qam,42004996
4871,1,0,awgn,bpsk,42004997
4872,1,0,awgn,bpsk,42004998
4873,1,0,awgn,qpsk,42004999
4874,1,0,awgn,16qam,42005000
4875,1,0,awgn,qpsk,42005001
4876,1,0,awgn,16qam,42005002
4877,1,0,awgn,qpsk,42005003
4878,1,0,awgn,bpsk,42005004
4879,1,0,awgn,bpsk,42005005
4880,1,0,awgn,qpsk,42005006
4881,1,0,awgn,bpsk,42005007
4882,1,0,awgn,bpsk,42005008
4883,1,0,awgn,bpsk,42005009
4884,1,0,awgn,16qam,42005010
4885,1,0,awgn,bpsk,42005011
4886,1,0,awgn,qpsk,42005012
4887,1,0,awgn,16qam,42005013
4888,1,0,awgn,qpsk,42005014
4889,1,0,awgn,16qam,42005015
4890,1,0,awgn,bpsk,42005016
4891,1,0,awgn,16qam,42005017
4892,1,0,awgn,16qam,42005018
4893,1,0,awgn,bpsk,42005019
4894,1,0,awgn,bpsk,42005020
4895,1,0,awgn,bpsk,42005021
4896,1,0,awgn,qpsk,42005022
4897,1,0,awgn,qpsk,42005023
4898,1,0,awgn,qpsk,42005024
4899,1,0,awgn,bpsk,42005025
4900,1,0,awgn,bpsk,42005026
4901,1,0,awgn,qpsk,42005027
4902,1,0,awgn,16qam,42005028
4903,1,0,awgn,qpsk,42005029
4904,1,0,awgn,16qam,42005030
4905,1,0,awgn,bpsk,42005031
4906,1,0,awgn,qpsk,42005032
4907,1,0,awgn,bpsk,42005033
4908,1,0,awgn,qpsk,42005034
4909,1,0,awgn,bpsk,42005035
4910,1,0,awgn,qpsk,42005036
4911,1,0,awgn,16qam,42005037
4912,1,0,awgn,16qam,42005038
4913,1,0,awgn,bpsk,42005039
4914,1,0,awgn,bpsk,42005040
4915,1,0,awgn,bpsk,42005041
4916,1,0,awgn,qpsk,42005042
4917,1,0,awgn,16qam,42005043
4918,1,0,awgn,16qam,42005044
4919,1,0,awgn,16qam,42005045
4920,1,0,awgn,bpsk,42005046
4921,1,0,awgn,qpsk,42005047
4922,1,0,awgn,16qam,42005048
4923,1,0,awgn,bpsk,42005049
4924,1,0,awgn,16qam,42005050
4925,1,0,awgn,16qam,42005051
4926,1,0,awgn,qpsk,42005052
4927,1,0,awgn,bpsk,42005053
4928,1,0,awgn,bpsk,42005054
4929,1,0,awgn,qpsk,42005055
4930,1,0,awgn,16qam,42005056
4931,1,0,awgn,16qam,42005057
4932,1,0,awgn,bpsk,42005058
4933,1,0,awgn,bpsk,42005059
4934,1,0,awgn,16qam,42005060
4935,1,0,awgn,16qam,42005061
4936,1,0,awgn,16qam,42005062
4937,1,0,awgn,qpsk,42005063
4938,1,0,awgn,bpsk,42005064
4939,1,0,awgn,16qam,42005065
4940,1,0,awgn,16qam,42005066
4941,1,0,awgn,bpsk,42005067
4942,1,0,awgn,bpsk,42005068
4943,1,0,awgn,16qam,42005069
4944,1,0,awgn,qpsk,42005070
4945,1,0,awgn,qpsk,42005071
4946,1,0,awgn,16qam,42005072
4947,1,0,awgn,16qam,42005073
4948,1,0,awgn,bpsk,42005074
4949,1,0,awgn,16qam,42005075
4950,1,0,awgn,bpsk,42005076
4951,1,0,awgn,bpsk,42005077
4952,1,0,awgn,bpsk,42005078
4953,1,0,awgn,bpsk,42005079
4954,1,0,awgn,qpsk,42005080
4955,1,0,awgn,bpsk,42005081
4956,1,0,awgn,qpsk,42005082
4957,1,0,awgn,bpsk,42005083
4958,1,0,awgn,bpsk,42005084
4959,1,0,awgn,16qam,42005085
4960,1,0,awgn,16qam,42005086
4961,1,0,awgn,bpsk,42005087
4962,1,0,awgn,qpsk,42005088
4963,1,0,awgn,16qam,42005089
4964,1,0,awgn,bpsk,42005090
4965,1,0,awgn,16qam,42005091
4966,1,0,awgn,16qam,42005092
4967,1,0,awgn,bpsk,42005093
4968,1,0,awgn,bpsk,42005094
4969,1,0,awgn,bpsk,42005095
4970,1,0,awgn,16qam,42005096
4971,1,0,awgn,16qam,42005097
4972,1,0,awgn,qpsk,42005098
4973,1,0,awgn,qpsk,42005099
4974,1,0,awgn,bpsk,42005100
4975,1,0,awgn,16qam,42005101
4976,1,0,awgn,16qam,42005102
4977,1,0,awgn,qpsk,42005103
4978,1,0,awgn,qpsk,42005104
4979,1,0,awgn,bpsk,42005105
4980,1,0,awgn,16qam,42005106
4981,1,0,awgn,bpsk,42005107
4982,1,0,awgn,qpsk,42005108
4983,1,0,awgn,bpsk,42005109
4984,1,0,awgn,16qam,42005110
4985,1,0,awgn,16qam,42005111
4986,1,0,awgn,qpsk,42005112
4987,1,0,awgn,qpsk,42005113
4988,1,0,awgn,16qam,42005114
4989,1,0,awgn,bpsk,42005115
4990,1,0,awgn,bpsk,42005116
4991,1,0,awgn,bpsk,42005117
4992,1,0,awgn,bpsk,42005118
4993,1,0,awgn,qpsk,42005119
4994,1,0,awgn,qpsk,42005120
4995,1,0,awgn,16qam,42005121
4996,1,0,awgn,bpsk,42005122
4997,1,0,awgn,qpsk,42005123
4998,1,0,awgn,bpsk,42005124
4999,1,0,awgn,16qam,42005125
5000,0,0,awgn,none,42005126
5001,0,0,awgn,none,42005127
5002,0,0,awgn,none,42005128
5003,0,0,awgn,none,42005129
5004,0,0,awgn,none,42005130
5005,0,0,awgn,none,42005131
5006,0,0,awgn,none,42005132
5007,0,0,awgn,none,42005133
5008,0,0,awgn,none,42005134
5009,0,0,awgn,none,42005135
5010,0,0,awgn,none,42005136
5011,0,0,awgn,none,42005137
5012,0,0,awgn,none,42005138
5013,0,0,awgn,none,42005139
5014,0,0,awgn,none,42005140
5015,0,0,awgn,none,42005141
5016,0,0,awgn,none,42005142
5017,0,0,awgn,none,42005143
5018,0,0,awgn,none,42005144
5019,0,0,awgn,none,42005145
5020,0,0,awgn,none,42005146
5021,0,0,awgn,none,42005147
5022,0,0,awgn,none,42005148
5023,0,0,awgn,none,42005149
5024,0,0,awgn,none,42005150
5025,0,0,awgn,none,42005151
5026,0,0,awgn,none,42005152
5027,0,0,awgn,none,42005153
5028,0,0,awgn,none,42005154
5029,0,0,awgn,none,42005155
5030,0,0,awgn,none,42005156
5031,0,0,awgn,none,42005157
5032,0,0,awgn,none,42005158
5033,0,0,awgn,none,42005159
5034,0,0,awgn,none,42005160
5035,0,0,awgn,none,42005161
5036,0,0,awgn,none,42005162
5037,0,0,awgn,none,42005163
5038,0,0,awgn,none,42005164
5039,0,0,awgn,none,42005165
5040,0,0,awgn,none,42005166
5041,0,0,awgn,none,42005167
5042,0,0,awgn,none,42005168
5043,0,0,awgn,none,42005169
5044,0,0,awgn,none,42005170
5045,0,0,awgn,none,42005171
5046,0,0,awgn,none,42005172
5047,0,0,awgn,none,42005173
5048,0,0,awgn,none,42005174
5049,0,0,awgn,none,42005175
5050,0,0,awgn,none,42005176
5051,0,0,awgn,none,42005177
5052,0,0,awgn,none,42005178
5053,0,0,awgn,none,42005179
5054,0,0,awgn,none,42005180
5055,0,0,awgn,none,42005181
5056,0,0,awgn,none,42005182
5057,0,0,awgn,none,42005183
5058,0,0,awgn,none,42005184
5059,0,0,awgn,none,42005185
5060,0,0,awgn,none,42005186
5061,0,0,awgn,none,42005187
5062,0,0,awgn,none,42005188
5063,0,0,awgn,none,42005189
5064,0,0,awgn,none,42005190
5065,0,0,awgn,none,42005191
5066,0,0,awgn,none,42005192
5067,0,0,awgn,none,42005193
5068,0,0,awgn,none,42005194
5069,0,0,awgn,none,42005195
5070,0,0,awgn,none,42005196
5071,0,0,awgn,none,42005197
5072,0,0,awgn,none,42005198
5073,0,0,awgn,none,42005199
5074,0,0,awgn,none,42005200
5075,0,0,awgn,none,42005201
5076,0,0,awgn,none,42005202
5077,0,0,awgn,none,42005203
5078,0,0,awgn,none,42005204
5079,0,0,awgn,none,42005205
5080,0,0,awgn,none,42005206
5081,0,0,awgn,none,42005207
5082,0,0,awgn,none,42005208
5083,0,0,awgn,none,42005209
5084,0,0,awgn,none,42005210
5085,0,0,awgn,none,42005211
5086,0,0,awgn,none,42005212
5087,0,0,awgn,none,42005213
5088,0,0,awgn,none,42005214
5089,0,0,awgn,none,42005215
5090,0,0,awgn,none,42005216
5091,0,0,awgn,none,42005217
5092,0,0,awgn,none,42005218
5093,0,0,awgn,none,42005219
5094,0,0,awgn,none,42005220
5095,0,0,awgn,none,42005221
5096,0,0,awgn,none,42005222
5097,0,0,awgn,none,42005223
5098,0,0,awgn,none,42005224
5099,0,0,awgn,none,42005225
5100,0,0,awgn,none,42005226
5101,0,0,awgn,none,42005227
5102,0,0,awgn,none,42005228
5103,0,0,awgn,none,42005229
5104,0,0,awgn,none,42005230
5105,0,0,awgn,none,42005231
5106,0,0,awgn,none,42005232
5107,0,0,awgn,none,42005233
5108,0,0,awgn,none,42005234
5109,0,0,awgn,none,42005235
5110,0,0,awgn,none,42005236
5111,0,0,awgn,none,42005237
5112,0,0,awgn,none,42005238
5113,0,0,awgn,none,42005239
5114,0,0,awgn,none,42005240
5115,0,0,awgn,none,42005241
5116,0,0,awgn,none,42005242
5117,0,0,awgn,none,42005243
5118,0,0,awgn,none,42005244
5119,0,0,awgn,none,42005245
5120,0,0,awgn,none,42005246
5121,0,0,awgn,none,42005247
5122,0,0,awgn,none,42005248
5123,0,0,awgn,none,42005249
5124,0,0,awgn,none,42005250
5125,0,0,awgn,none,42005251
5126,0,0,awgn,none,42005252
5127,0,0,awgn,none,42005253
5128,0,0,awgn,none,42005254
5129,0,0,awgn,none,42005255
5130,0,0,awgn,none,42005256
5131,0,0,awgn,none,42005257
5132,0,0,awgn,none,42005258
5133,0,0,awgn,none,42005259
5134,0,0,awgn,none,42005260
5135,0,0,awgn,none,42005261
5136,0,0,awgn,none,42005262
5137,0,0,awgn,none,42005263
5138,0,0,awgn,none,42005264
5139,0,0,awgn,none,42005265
5140,0,0,awgn,none,42005266
5141,0,0,awgn,none,42005267
5142,0,0,awgn,none,42005268
5143,0,0,awgn,none,42005269
5144,0,0,awgn,none,42005270
5145,0,0,awgn,none,42005271
5146,0,0,awgn,none,42005272
5147,0,0,awgn,none,42005273
5148,0,0,awgn,none,42005274
5149,0,0,awgn,none,42005275
5150,0,0,awgn,none,42005276
5151,0,0,awgn,none,42005277
5152,0,0,awgn,none,42005278
5153,0,0,awgn,none,42005279
5154,0,0,awgn,none,42005280
5155,0,0,awgn,none,42005281
5156,0,0,awgn,none,42005282
5157,0,0,awgn,none,42005283
5158,0,0,awgn,none,42005284
5159,0,0,awgn,none,42005285
5160,0,0,awgn,none,42005286
5161,0,0,awgn,none,42005287
5162,0,0,awgn,none,42005288
5163,0,0,awgn,none,42005289
5164,0,0,awgn,none,42005290
5165,0,0,awgn,none,42005291
5166,0,0,awgn,none,42005292
5167,0,0,awgn,none,42005293
5168,0,0,awgn,none,42005294
5169,0,0,awgn,none,42005295
5170,0,0,awgn,none,42005296
5171,0,0,awgn,none,42005297
5172,0,0,awgn,none,42005298
5173,0,0,awgn,none,42005299
5174,0,0,awgn,none,42005300
5175,0,0,awgn,none,42005301
5176,0,0,awgn,none,42005302
5177,0,0,awgn,none,42005303
5178,0,0,awgn,none,42005304
5179,0,0,awgn,none,42005305
5180,0,0,awgn,none,42005306
5181,0,0,awgn,none,42005307
5182,0,0,awgn,none,42005308
5183,0,0,awgn,none,42005309
5184,0,0,awgn,none,42005310
5185,0,0,awgn,none,42005311
5186,0,0,awgn,none,42005312
5187,0,0,awgn,none,42005313
5188,0,0,awgn,none,42005314
5189,0,0,awgn,none,42005315
5190,0,0,awgn,none,42005316
5191,0,0,awgn,none,42005317
5192,0,0,awgn,none,42005318
5193,0,0,awgn,none,42005319
5194,0,0,awgn,none,42005320
5195,0,0,awgn,none,42005321
5196,0,0,awgn,none,42005322
5197,0,0,awgn,none,42005323
5198,0,0,awgn,none,42005324
5199,0,0,awgn,none,42005325
5200,1,0,rayleigh,bpsk,42005326
5201,1,0,rayleigh,bpsk,42005327
5202,1,0,rayleigh,16qam,42005328
5203,1,0,rayleigh,qpsk,42005329
5204,1,0,rayleigh,qpsk,42005330
5205,1,0,rayleigh,bpsk,42005331
5206,1,0,rayleigh,qpsk,42005332
5207,1,0,rayleigh,qpsk,42005333
5208,1,0,rayleigh,16qam,42005334
5209,1,0,rayleigh,bpsk,42005335
5210,1,0,rayleigh,bpsk,42005336
5211,1,0,rayleigh,16qam,42005337
5212,1,0,rayleigh,bpsk,42005338
5213,1,0,rayleigh,16qam,42005339
5214,1,0,rayleigh,16qam,42005340
5215,1,0,rayleigh,bpsk,42005341
5216,1,0,rayleigh,bpsk,42005342
5217,1,0,rayleigh,qpsk,42005343
5218,1,0,rayleigh,qpsk,42005344
5219,1,0,rayleigh,bpsk,42005345
5220,1,0,rayleigh,bpsk,42005346
5221,1,0,rayleigh,16qam,42005347
5222,1,0,rayleigh,qpsk,42005348
5223,1,0,rayleigh,qpsk,42005349
5224,1,0,rayleigh,bpsk,42005350
5225,1,0,rayleigh,16qam,42005351
5226,1,0,rayleigh,bpsk,42005352
5227,1,0,rayleigh,16qam,42005353
5228,1,0,rayleigh,16qam,42005354
5229,1,0,rayleigh,qpsk,42005355
5230,1,0,rayleigh,16qam,42005356
5231,1,0,rayleigh,qpsk,42005357
5232,1,0,rayleigh,qpsk,42005358
5233,1,0,rayleigh,qpsk,42005359
5234,1,0,rayleigh,bpsk,42005360
5235,1,0,rayleigh,16qam,42005361
5236,1,0,rayleigh,bpsk,42005362
5237,1,0,rayleigh,16qam,42005363
5238,1,0,rayleigh,16qam,42005364
5239,1,0,rayleigh,16qam,42005365
5240,1,0,rayleigh,qpsk,42005366
5241,1,0,rayleigh,16qam,42005367
5242,1,0,rayleigh,16qam,42005368
5243,1,0,rayleigh,qpsk,42005369
5244,1,0,rayleigh,bpsk,42005370
5245,1,0,rayleigh,bpsk,42005371
5246,1,0,rayleigh,16qam,42005372
5247,1,0,rayleigh,qpsk,42005373
5248,1,0,rayleigh,bpsk,42005374
5249,1,0,rayleigh,bpsk,42005375
5250,1,0,rayleigh,qpsk,42005376
5251,1,0,rayleigh,bpsk,42005377
5252,1,0,rayleigh,16qam,42005378
5253,1,0,rayleigh,bpsk,42005379
5254,1,0,rayleigh,bpsk,42005380
5255,1,0,rayleigh,16qam,42005381
5256,1,0,rayleigh,16qam,42005382
5257,1,0,rayleigh,qpsk,42005383
5258,1,0,rayleigh,16qam,42005384
5259,1,0,rayleigh,16qam,42005385
5260,1,0,rayleigh,qpsk,42005386
5261,1,0,rayleigh,qpsk,42005387
5262,1,0,rayleigh,qpsk,42005388
5263,1,0,rayleigh,16qam,42005389
5264,1,0,rayleigh,bpsk,42005390
5265,1,0,rayleigh,bpsk,42005391
5266,1,0,rayleigh,qpsk,42005392
5267,1,0,rayleigh,16qam,42005393
5268,1,0,rayleigh,qpsk,42005394
5269,1,0,rayleigh,16qam,42005395
5270,1,0,rayleigh,16qam,42005396
5271,1,0,rayleigh,bpsk,42005397
5272,1,0,rayleigh,qpsk,42005398
5273,1,0,rayleigh,bpsk,42005399
5274,1,0,rayleigh,16qam,42005400
5275,1,0,rayleigh,bpsk,42005401
5276,1,0,rayleigh,qpsk,42005402
5277,1,0,rayleigh,bpsk,42005403
5278,1,0,rayleigh,bpsk,42005404
5279,1,0,rayleigh,qpsk,42005405
5280,1,0,rayleigh,qpsk,42005406
5281,1,0,rayleigh,16qam,42005407
5282,1,0,rayleigh,qpsk,42005408
5283,1,0,rayleigh,16qam,42005409
5284,1,0,rayleigh,bpsk,42005410
5285,1,0,rayleigh,qpsk,42005411
5286,1,0,rayleigh,qpsk,42005412
5287,1,0,rayleigh,qpsk,42005413
5288,1,0,rayleigh,qpsk,42005414
5289,1,0,rayleigh,16qam,42005415
5290,1,0,rayleigh,bpsk,42005416
5291,1,0,rayleigh,16qam,42005417
5292,1,0,rayleigh,bpsk,42005418
5293,1,0,rayleigh,bpsk,42005419
5294,1,0,rayleigh,16qam,42005420
5295,1,0,rayleigh,16qam,42005421
5296,1,0,rayleigh,bpsk,42005422
5297,1,0,rayleigh,qpsk,42005423
5298,1,0,rayleigh,qpsk,42005424
5299,1,0,rayleigh,qpsk,42005425
5300,1,0,rayleigh,bpsk,42005426
5301,1,0,rayleigh,bpsk,42005427
5302,1,0,rayleigh,bpsk,42005428
5303,1,0,rayleigh,qpsk,42005429
5304,1,0,rayleigh,qpsk,42005430
5305,1,0,rayleigh,qpsk,42005431
5306,1,0,rayleigh,bpsk,42005432
5307,1,0,rayleigh,qpsk,42005433
5308,1,0,rayleigh,bpsk,42005434
5309,1,0,rayleigh,16qam,42005435
5310,1,0,rayleigh,bpsk,42005436
5311,1,0,rayleigh,16qam,42005437
5312,1,0,rayleigh,16qam,42005438
5313,1,0,rayleigh,qpsk,42005439
5314,1,0,rayleigh,bpsk,42005440
5315,1,0,rayleigh,qpsk,42005441
5316,1,0,rayleigh,16qam,42005442
5317,1,0,rayleigh,16qam,42005443
5318,1,0,rayleigh,16qam,42005444
5319,1,0,rayleigh,qpsk,42005445
5320,1,0,rayleigh,16qam,42005446
5321,1,0,rayleigh,bpsk,42005447
5322,1,0,rayleigh,bpsk,42005448
5323,1,0,rayleigh,16qam,42005449
5324,1,0,rayleigh,16qam,42005450
5325,1,0,rayleigh,bpsk,42005451
5326,1,0,rayleigh,16qam,42005452
5327,1,0,rayleigh,bpsk,42005453
5328,1,0,rayleigh,bpsk,42005454
5329,1,0,rayleigh,bpsk,42005455
5330,1,0,rayleigh,qpsk,42005456
5331,1,0,rayleigh,16qam,42005457
5332,1,0,rayleigh,bpsk,42005458
5333,1,0,rayleigh,bpsk,42005459
5334,1,0,rayleigh,bpsk,42005460
5335,1,0,rayleigh,qpsk,42005461
5336,1,0,rayleigh,16qam,42005462
5337,1,0,rayleigh,16qam,42005463
5338,1,0,rayleigh,16qam,42005464
5339,1,0,rayleigh,qpsk,42005465
5340,1,0,rayleigh,16qam,42005466
5341,1,0,rayleigh,16qam,42005467
5342,1,0,rayleigh,qpsk,42005468
5343,1,0,rayleigh,qpsk,42005469
5344,1,0,rayleigh,qpsk,42005470
5345,1,0,rayleigh,qpsk,42005471
5346,1,0,rayleigh,bpsk,42005472
5347,1,0,rayleigh,qpsk,42005473
5348,1,0,rayleigh,bpsk,42005474
5349,1,0,rayleigh,qpsk,42005475
5350,1,0,rayleigh,qpsk,42005476
5351,1,0,rayleigh,bpsk,42005477
5352,1,0,rayleigh,16qam,42005478
5353,1,0,rayleigh,16qam,42005479
5354,1,0,rayleigh,bpsk,42005480
5355,1,0,rayleigh,qpsk,42005481
5356,1,0,rayleigh,16qam,42005482
5357,1,0,rayleigh,qpsk,42005483
5358,1,0,rayleigh,qpsk,42005484
5359,1,0,rayleigh,bpsk,42005485
5360,1,0,rayleigh,16qam,42005486
5361,1,0,rayleigh,qpsk,42005487
5362,1,0,rayleigh,qpsk,42005488
5363,1,0,rayleigh,qpsk,42005489
5364,1,0,rayleigh,16qam,42005490
5365,1,0,rayleigh,16qam,42005491
5366,1,0,rayleigh,16qam,42005492
5367,1,0,rayleigh,bpsk,42005493
5368,1,0,rayleigh,qpsk,42005494
5369,1,0,rayleigh,bpsk,42005495
5370,1,0,rayleigh,bpsk,42005496
5371,1,0,rayleigh,16qam,42005497
5372,1,0,rayleigh,bpsk,42005498
5373,1,0,rayleigh,16qam,42005499
5374,1,0,rayleigh,bpsk,42005500
5375,1,0,rayleigh,16qam,42005501
5376,1,0,rayleigh,bpsk,42005502
5377,1,0,rayleigh,qpsk,42005503
5378,1,0,rayleigh,qpsk,42005504
5379,1,0,rayleigh,16qam,42005505
5380,1,0,rayleigh,16qam,42005506
5381,1,0,rayleigh,bpsk,42005507
5382,1,0,rayleigh,bpsk,42005508
5383,1,0,rayleigh,16qam,42005509
5384,1,0,rayleigh,bpsk,42005510
5385,1,0,rayleigh,bpsk,42005511
5386,1,0,rayleigh,qpsk,42005512
5387,1,0,rayleigh,bpsk,42005513
5388,1,0,rayleigh,qpsk,42005514
5389,1,0,rayleigh,qpsk,42005515
5390,1,0,rayleigh,qpsk,42005516
5391,1,0,rayleigh,16qam,42005517
5392,1,0,rayleigh,bpsk,42005518
5393,1,0,rayleigh,16qam,42005519
5394,1,0,rayleigh,16qam,42005520
5395,1,0,rayleigh,bpsk,42005521
5396,1,0,rayleigh,bpsk,42005522
5397,1,0,rayleigh,qpsk,42005523
5398,1,0,rayleigh,qpsk,42005524
5399,1,0,rayleigh,bpsk,42005525
5400,0,0,rayleigh,none,42005526
5401,0,0,rayleigh,none,42005527
5402,0,0,rayleigh,none,42005528
5403,0,0,rayleigh,none,42005529
5404,0,0,rayleigh,none,42005530
5405,0,0,rayleigh,none,42005531
5406,0,0,rayleigh,none,42005532
5407,0,0,rayleigh,none,42005533
5408,0,0,rayleigh,none,42005534
5409,0,0,rayleigh,none,42005535
5410,0,0,rayleigh,none,42005536
5411,0,0,rayleigh,none,42005537
5412,0,0,rayleigh,none,42005538
5413,0,0,rayleigh,none,42005539
5414,0,0,rayleigh,none,42005540
5415,0,0,rayleigh,none,42005541
5416,0,0,rayleigh,none,42005542
5417,0,0,rayleigh,none,42005543
5418,0,0,rayleigh,none,42005544
5419,0,0,rayleigh,none,42005545
5420,0,0,rayleigh,none,42005546
5421,0,0,rayleigh,none,42005547
5422,0,0,rayleigh,none,42005548
5423,0,0,rayleigh,none,42005549
5424,0,0,rayleigh,none,42005550
5425,0,0,rayleigh,none,42005551
5426,0,0,rayleigh,none,42005552
5427,0,0,rayleigh,none,42005553
5428,0,0,rayleigh,none,42005554
5429,0,0,rayleigh,none,42005555
5430,0,0,rayleigh,none,42005556
5431,0,0,rayleigh,none,42005557
5432,0,0,rayleigh,none,42005558
5433,0,0,rayleigh,none,42005559
5434,0,0,rayleigh,none,42005560
5435,0,0,rayleigh,none,42005561
5436,0,0,rayleigh,none,42005562
5437,0,0,rayleigh,none,42005563
5438,0,0,rayleigh,none,42005564
5439,0,0,rayleigh,none,42005565
5440,0,0,rayleigh,none,42005566
5441,0,0,rayleigh,none,42005567
5442,0,0,rayleigh,none,42005568
5443,0,0,rayleigh,none,42005569
5444,0,0,rayleigh,none,42005570
5445,0,0,rayleigh,none,42005571
5446,0,0,rayleigh,none,42005572
5447,0,0,rayleigh,none,42005573
5448,0,0,rayleigh,none,42005574
5449,0,0,rayleigh,none,42005575
5450,0,0,rayleigh,none,42005576
5451,0,0,rayleigh,none,42005577
5452,0,0,rayleigh,none,42005578
5453,0,0,rayleigh,none,42005579
5454,0,0,rayleigh,none,42005580
5455,0,0,rayleigh,none,42005581
5456,0,0,rayleigh,none,42005582
5457,0,0,rayleigh,none,42005583
5458,0,0,rayleigh,none,42005584
5459,0,0,rayleigh,none,42005585
5460,0,0,rayleigh,none,42005586
5461,0,0,rayleigh,none,42005587
5462,0,0,rayleigh,none,42005588
5463,0,0,rayleigh,none,42005589
5464,0,0,rayleigh,none,42005590
5465,0,0,rayleigh,none,42005591
5466,0,0,rayleigh,none,42005592
5467,0,0,rayleigh,none,42005593
5468,0,0,rayleigh,none,42005594
5469,0,0,rayleigh,none,42005595
5470,0,0,rayleigh,none,42005596
5471,0,0,rayleigh,none,42005597
5472,0,0,rayleigh,none,42005598
5473,0,0,rayleigh,none,42005599
5474,0,0,rayleigh,none,42005600
5475,0,0,rayleigh,none,42005601
5476,0,0,rayleigh,none,42005602
5477,0,0,rayleigh,none,42005603
5478,0,0,rayleigh,none,42005604
5479,0,0,rayleigh,none,42005605
5480,0,0,rayleigh,none,42005606
5481,0,0,rayleigh,none,42005607
5482,0,0,rayleigh,none,42005608
5483,0,0,rayleigh,none,42005609
5484,0,0,rayleigh,none,42005610
5485,0,0,rayleigh,none,42005611
5486,0,0,rayleigh,none,42005612
5487,0,0,rayleigh,none,42005613
5488,0,0,rayleigh,none,42005614
5489,0,0,rayleigh,none,42005615
5490,0,0,rayleigh,none,42005616
5491,0,0,rayleigh,none,42005617
5492,0,0,rayleigh,none,42005618
5493,0,0,rayleigh,none,42005619
5494,0,0,rayleigh,none,42005620
5495,0,0,rayleigh,none,42005621
5496,0,0,rayleigh,none,42005622
5497,0,0,rayleigh,none,42005623
5498,0,0,rayleigh,none,42005624
5499,0,0,rayleigh,none,42005625
5500,0,0,rayleigh,none,42005626
5501,0,0,rayleigh,none,42005627
5502,0,0,rayleigh,none,42005628
5503,0,0,rayleigh,none,42005629
5504,0,0,rayleigh,none,42005630
5505,0,0,rayleigh,none,42005631
5506,0,0,rayleigh,none,42005632
5507,0,0,rayleigh,none,42005633
5508,0,0,rayleigh,none,42005634
5509,0,0,rayleigh,none,42005635
5510,0,0,rayleigh,none,42005636
5511,0,0,rayleigh,none,42005637
5512,0,0,rayleigh,none,42005638
5513,0,0,rayleigh,none,42005639
5514,0,0,rayleigh,none,42005640
5515,0,0,rayleigh,none,42005641
5516,0,0,rayleigh,none,42005642
5517,0,0,rayleigh,none,42005643
5518,0,0,rayleigh,none,42005644
5519,0,0,rayleigh,none,42005645
5520,0,0,rayleigh,none,42005646
5521,0,0,rayleigh,none,42005647
5522,0,0,rayleigh,none,42005648
5523,0,0,rayleigh,none,42005649
5524,0,0,rayleigh,none,42005650
5525,0,0,rayleigh,none,42005651
5526,0,0,rayleigh,none,42005652
5527,0,0,rayleigh,none,42005653
5528,0,0,rayleigh,none,42005654
5529,0,0,rayleigh,none,42005655
5530,0,0,rayleigh,none,42005656
5531,0,0,rayleigh,none,42005657
5532,0,0,rayleigh,none,42005658
5533,0,0,rayleigh,none,42005659
5534,0,0,rayleigh,none,42005660
5535,0,0,rayleigh,none,42005661
5536,0,0,rayleigh,none,42005662
5537,0,0,rayleigh,none,42005663
5538,0,0,rayleigh,none,42005664
5539,0,0,rayleigh,none,42005665
5540,0,0,rayleigh,none,42005666
5541,0,0,rayleigh,none,42005667
5542,0,0,rayleigh,none,42005668
5543,0,0,rayleigh,none,42005669
5544,0,0,rayleigh,none,42005670
5545,0,0,rayleigh,none,42005671
5546,0,0,rayleigh,none,42005672
5547,0,0,rayleigh,none,42005673
5548,0,0,rayleigh,none,42005674
5549,0,0,rayleigh,none,42005675
5550,0,0,rayleigh,none,42005676
5551,0,0,rayleigh,none,42005677
5552,0,0,rayleigh,none,42005678
5553,0,0,rayleigh,none,42005679
5554,0,0,rayleigh,none,42005680
5555,0,0,rayleigh,none,42005681
5556,0,0,rayleigh,none,42005682
5557,0,0,rayleigh,none,42005683
5558,0,0,rayleigh,none,42005684
5559,0,0,rayleigh,none,42005685
5560,0,0,rayleigh,none,42005686
5561,0,0,rayleigh,none,42005687
5562,0,0,rayleigh,none,42005688
5563,0,0,rayleigh,none,42005689
5564,0,0,rayleigh,none,42005690
5565,0,0,rayleigh,none,42005691
5566,0,0,rayleigh,none,42005692
5567,0,0,rayleigh,none,42005693
5568,0,0,rayleigh,none,42005694
5569,0,0,rayleigh,none,42005695
5570,0,0,rayleigh,none,42005696
5571,0,0,rayleigh,none,42005697
5572,0,0,rayleigh,none,42005698
5573,0,0,rayleigh,none,42005699
5574,0,0,rayleigh,none,42005700
5575,0,0,rayleigh,none,42005701
5576,0,0,rayleigh,none,42005702
5577,0,0,rayleigh,none,42005703
5578,0,0,rayleigh,none,42005704
5579,0,0,rayleigh,none,42005705
5580,0,0,rayleigh,none,42005706
5581,0,0,rayleigh,none,42005707
5582,0,0,rayleigh,none,42005708
5583,0,0,rayleigh,none,42005709
5584,0,0,rayleigh,none,42005710
5585,0,0,rayleigh,none,42005711
5586,0,0,rayleigh,none,42005712
5587,0,0,rayleigh,none,42005713
5588,0,0,rayleigh,none,42005714
5589,0,0,rayleigh,none,42005715
5590,0,0,rayleigh,none,42005716
5591,0,0,rayleigh,none,42005717
5592,0,0,rayleigh,none,42005718
5593,0,0,rayleigh,none,42005719
5594,0,0,rayleigh,none,42005720
5595,0,0,rayleigh,none,42005721
5596,0,0,rayleigh,none,42005722
5597,0,0,rayleigh,none,42005723
5598,0,0,rayleigh,none,42005724
5599,0,0,rayleigh,none,42005725
5600,1,0,rician,16qam,42005726
5601,1,0,rician,16qam,42005727
5602,1,0,rician,qpsk,42005728
5603,1,0,rician,bpsk,42005729
5604,1,0,rician,qpsk,42005730
5605,1,0,rician,16qam,42005731
5606,1,0,rician,qpsk,42005732
5607,1,0,rician,bpsk,42005733
5608,1,0,rician,16qam,42005734
5609,1,0,rician,16qam,42005735
5610,1,0,rician,bpsk,42005736
5611,1,0,rician,bpsk,42005737
5612,1,0,rician,bpsk,42005738
5613,1,0,rician,qpsk,42005739
5614,1,0,rician,16qam,42005740
5615,1,0,rician,16qam,42005741
5616,1,0,rician,16qam,42005742
5617,1,0,rician,bpsk,42005743
5618,1,0,rician,qpsk,42005744
5619,1,0,rician,qpsk,42005745
5620,1,0,rician,qpsk,42005746
5621,1,0,rician,bpsk,42005747
5622,1,0,rician,16qam,42005748
5623,1,0,rician,qpsk,42005749
5624,1,0,rician,qpsk,42005750
5625,1,0,rician,qpsk,42005751
5626,1,0,rician,16qam,42005752
5627,1,0,rician,bpsk,42005753
5628,1,0,rician,bpsk,42005754
5629,1,0,rician,16qam,42005755
5630,1,0,rician,bpsk,42005756
5631,1,0,rician,bpsk,42005757
5632,1,0,rician,16qam,42005758
5633,1,0,rician,qpsk,42005759
5634,1,0,rician,bpsk,42005760
5635,1,0,rician,bpsk,42005761
5636,1,0,rician,bpsk,42005762
5637,1,0,rician,bpsk,42005763
5638,1,0,rician,16qam,42005764
5639,1,0,rician,16qam,42005765
5640,1,0,rician,bpsk,42005766
5641,1,0,rician,qpsk,42005767
5642,1,0,rician,16qam,42005768
5643,1,0,rician,qpsk,42005769
5644,1,0,rician,qpsk,42005770
5645,1,0,rician,16qam,42005771
5646,1,0,rician,16qam,42005772
5647,1,0,rician,qpsk,42005773
5648,1,0,rician,16qam,42005774
5649,1,0,rician,qpsk,42005775
5650,1,0,rician,bpsk,42005776
5651,1,0,rician,bpsk,42005777
5652,1,0,rician,16qam,42005778
5653,1,0,rician,qpsk,42005779
5654,1,0,rician,qpsk,42005780
5655,1,0,rician,16qam,42005781
5656,1,0,rician,bpsk,42005782
5657,1,0,rician,bpsk,42005783
5658,1,0,rician,16qam,42005784
5659,1,0,rician,16qam,42005785
5660,1,0,rician,qpsk,42005786
5661,1,0,rician,16qam,42005787
5662,1,0,rician,16qam,42005788
5663,1,0,rician,16qam,42005789
5664,1,0,rician,bpsk,42005790
5665,1,0,rician,16qam,42005791
5666,1,0,rician,bpsk,42005792
5667,1,0,rician,bpsk,42005793
5668,1,0,rician,qpsk,42005794
5669,1,0,rician,bpsk,42005795
5670,1,0,rician,bpsk,42005796
5671,1,0,rician,bpsk,42005797
5672,1,0,rician,qpsk,42005798
5673,1,0,rician,bpsk,42005799
5674,1,0,rician,qpsk,42005800
5675,1,0,rician,qpsk,42005801
5676,1,0,rician,bpsk,42005802
5677,1,0,rician,16qam,42005803
5678,1,0,rician,16qam,42005804
5679,1,0,rician,16qam,42005805
5680,1,0,rician,bpsk,42005806
5681,1,0,rician,bpsk,42005807
5682,1,0,rician,16qam,42005808
5683,1,0,rician,16qam,42005809
5684,1,0,rician,bpsk,42005810
5685,1,0,rician,bpsk,42005811
5686,1,0,rician,16qam,42005812
5687,1,0,rician,qpsk,42005813
5688,1,0,rician,qpsk,42005814
5689,1,0,rician,qpsk,42005815
5690,1,0,rician,16qam,42005816
5691,1,0,rician,bpsk,42005817
5692,1,0,rician,16qam,42005818
5693,1,0,rician,qpsk,42005819
5694,1,0,rician,16qam,42005820
5695,1,0,rician,qpsk,42005821
5696,1,0,rician,16qam,42005822
5697,1,0,rician,16qam,42005823
5698,1,0,rician,qpsk,42005824
5699,1,0,rician,bpsk,42005825
5700,1,0,rician,16qam,42005826
5701,1,0,rician,qpsk,42005827
5702,1,0,rician,bpsk,42005828
5703,1,0,rician,qpsk,42005829
5704,1,0,rician,16qam,42005830
5705,1,0,rician,16qam,42005831
5706,1,0,rician,qpsk,42005832
5707,1,0,rician,16qam,42005833
5708,1,0,rician,16qam,42005834
5709,1,0,rician,qpsk,42005835
5710,1,0,rician,16qam,42005836
5711,1,0,rician,bpsk,42005837
5712,1,0,rician,qpsk,42005838
5713,1,0,rician,qpsk,42005839
5714,1,0,rician,bpsk,42005840
5715,1,0,rician,qpsk,42005841
5716,1,0,rician,bpsk,42005842
5717,1,0,rician,16qam,42005843
5718,1,0,rician,bpsk,42005844
5719,1,0,rician,qpsk,42005845
5720,1,0,rician,16qam,42005846
5721,1,0,rician,bpsk,42005847
5722,1,0,rician,bpsk,42005848
5723,1,0,rician,qpsk,42005849
5724,1,0,rician,bpsk,42005850
5725,1,0,rician,bpsk,42005851
5726,1,0,rician,bpsk,42005852
5727,1,0,rician,qpsk,42005853
5728,1,0,rician,qpsk,42005854
5729,1,0,rician,16qam,42005855
5730,1,0,rician,qpsk,42005856
5731,1,0,rician,bpsk,42005857
5732,1,0,rician,bpsk,42005858
5733,1,0,rician,qpsk,42005859
5734,1,0,rician,qpsk,42005860
5735,1,0,rician,16qam,42005861
5736,1,0,rician,16qam,42005862
5737,1,0,rician,16qam,42005863
5738,1,0,rician,bpsk,42005864
5739,1,0,rician,bpsk,42005865
5740,1,0,rician,16qam,42005866
5741,1,0,rician,bpsk,42005867
5742,1,0,rician,qpsk,42005868
5743,1,0,rician,bpsk,42005869
5744,1,0,rician,bpsk,42005870
5745,1,0,rician,qpsk,42005871
5746,1,0,rician,16qam,42005872
5747,1,0,rician,qpsk,42005873
5748,1,0,rician,bpsk,42005874
5749,1,0,rician,qpsk,42005875
5750,1,0,rician,16qam,42005876
5751,1,0,rician,bpsk,42005877
5752,1,0,rician,qpsk,42005878
5753,1,0,rician,qpsk,42005879
5754,1,0,rician,qpsk,42005880
5755,1,0,rician,bpsk,42005881
5756,1,0,rician,16qam,42005882
5757,1,0,rician,qpsk,42005883
5758,1,0,rician,bpsk,42005884
5759,1,0,rician,16qam,42005885
5760,1,0,rician,bpsk,42005886
5761,1,0,rician,qpsk,42005887
5762,1,0,rician,16qam,42005888
5763,1,0,rician,qpsk,42005889
5764,1,0,rician,bpsk,42005890
5765,1,0,rician,qpsk,42005891
5766,1,0,rician,bpsk,42005892
5767,1,0,rician,qpsk,42005893
5768,1,0,rician,16qam,42005894
5769,1,0,rician,qpsk,42005895
5770,1,0,rician,qpsk,42005896
5771,1,0,rician,qpsk,42005897
5772,1,0,rician,qpsk,42005898
5773,1,0,rician,bpsk,42005899
5774,1,0,rician,16qam,42005900
5775,1,0,rician,qpsk,42005901
5776,1,0,rician,qpsk,42005902
5777,1,0,rician,bpsk,42005903
5778,1,0,rician,16qam,42005904
5779,1,0,rician,16qam,42005905
5780,1,0,rician,16qam,42005906
5781,1,0,rician,16qam,42005907
5782,1,0,rician,qpsk,42005908
5783,1,0,rician,bpsk,42005909
5784,1,0,rician,bpsk,42005910
5785,1,0,rician,bpsk,42005911
5786,1,0,rician,bpsk,42005912
5787,1,0,rician,bpsk,42005913
5788,1,0,rician,bpsk,42005914
5789,1,0,rician,16qam,42005915
5790,1,0,rician,16qam,42005916
5791,1,0,rician,qpsk,42005917
5792,1,0,rician,bpsk,42005918
5793,1,0,rician,16qam,42005919
5794,1,0,rician,16qam,42005920
5795,1,0,rician,bpsk,42005921
5796,1,0,rician,bpsk,42005922
5797,1,0,rician,16qam,42005923
5798,1,0,rician,16qam,42005924
5799,1,0,rician,16qam,42005925
5800,0,0,rician,none,42005926
5801,0,0,rician,none,42005927
5802,0,0,rician,none,42005928
5803,0,0,rician,none,42005929
5804,0,0,rician,none,42005930
5805,0,0,rician,none,42005931
5806,0,0,rician,none,42005932
5807,0,0,rician,none,42005933
5808,0,0,rician,none,42005934
5809,0,0,rician,none,42005935
5810,0,0,rician,none,42005936
5811,0,0,rician,none,42005937
5812,0,0,rician,none,42005938
5813,0,0,rician,none,42005939
5814,0,0,rician,none,42005940
5815,0,0,rician,none,42005941
5816,0,0,rician,none,42005942
5817,0,0,rician,none,42005943
5818,0,0,rician,none,42005944
5819,0,0,rician,none,42005945
5820,0,0,rician,none,42005946
5821,0,0,rician,none,42005947
5822,0,0,rician,none,42005948
5823,0,0,rician,none,42005949
5824,0,0,rician,none,42005950
5825,0,0,rician,none,42005951
5826,0,0,rician,none,42005952
5827,0,0,rician,none,42005953
5828,0,0,rician,none,42005954
5829,0,0,rician,none,42005955
5830,0,0,rician,none,42005956
5831,0,0,rician,none,42005957
5832,0,0,rician,none,42005958
5833,0,0,rician,none,42005959
5834,0,0,rician,none,42005960
5835,0,0,rician,none,42005961
5836,0,0,rician,none,42005962
5837,0,0,rician,none,42005963
5838,0,0,rician,none,42005964
5839,0,0,rician,none,42005965
5840,0,0,rician,none,42005966
5841,0,0,rician,none,42005967
5842,0,0,rician,none,42005968
5843,0,0,rician,none,42005969
5844,0,0,rician,none,42005970
5845,0,0,rician,none,42005971
5846,0,0,rician,none,42005972
5847,0,0,rician,none,42005973
5848,0,0,rician,none,42005974
5849,0,0,rician,none,42005975
5850,0,0,rician,none,42005976
5851,0,0,rician,none,42005977
5852,0,0,rician,none,42005978
5853,0,0,rician,none,42005979
5854,0,0,rician,none,42005980
5855,0,0,rician,none,42005981
5856,0,0,rician,none,42005982
5857,0,0,rician,none,42005983
5858,0,0,rician,none,42005984
5859,0,0,rician,none,42005985
5860,0,0,rician,none,42005986
5861,0,0,rician,none,42005987
5862,0,0,rician,none,42005988
5863,0,0,rician,none,42005989
5864,0,0,rician,none,42005990
5865,0,0,rician,none,42005991
5866,0,0,rician,none,42005992
5867,0,0,rician,none,42005993
5868,0,0,rician,none,42005994
5869,0,0,rician,none,42005995
5870,0,0,rician,none,42005996
5871,0,0,rician,none,42005997
5872,0,0,rician,none,42005998
5873,0,0,rician,none,42005999
5874,0,0,rician,none,42006000
5875,0,0,rician,none,42006001
5876,0,0,rician,none,42006002
5877,0,0,rician,none,42006003
5878,0,0,rician,none,42006004
5879,0,0,rician,none,42006005
5880,0,0,rician,none,42006006
5881,0,0,rician,none,42006007
5882,0,0,rician,none,42006008
5883,0,0,rician,none,42006009
5884,0,0,rician,none,42006010
5885,0,0,rician,none,42006011
5886,0,0,rician,none,42006012
5887,0,0,rician,none,42006013
5888,0,0,rician,none,42006014
5889,0,0,rician,none,42006015
5890,0,0,rician,none,42006016
5891,0,0,rician,none,42006017
5892,0,0,rician,none,42006018
5893,0,0,rician,none,42006019
5894,0,0,rician,none,42006020
5895,0,0,rician,none,42006021
5896,0,0,rician,none,42006022
5897,0,0,rician,none,42006023
5898,0,0,rician,none,42006024
5899,0,0,rician,none,42006025
5900,0,0,rician,none,42006026
5901,0,0,rician,none,42006027
5902,0,0,rician,none,42006028
5903,0,0,rician,none,42006029
5904,0,0,rician,none,42006030
5905,0,0,rician,none,42006031
5906,0,0,rician,none,42006032
5907,0,0,rician,none,42006033
5908,0,0,rician,none,42006034
5909,0,0,rician,none,42006035
5910,0,0,rician,none,42006036
5911,0,0,rician,none,42006037
5912,0,0,rician,none,42006038
5913,0,0,rician,none,42006039
5914,0,0,rician,none,42006040
5915,0,0,rician,none,42006041
5916,0,0,rician,none,42006042
5917,0,0,rician,none,42006043
5918,0,0,rician,none,42006044
5919,0,0,rician,none,42006045
5920,0,0,rician,none,42006046
5921,0,0,rician,none,42006047
5922,0,0,rician,none,42006048
5923,0,0,rician,none,42006049
5924,0,0,rician,none,42006050
5925,0,0,rician,none,42006051
5926,0,0,rician,none,42006052
5927,0,0,rician,none,42006053
5928,0,0,rician,none,42006054
5929,0,0,rician,none,42006055
5930,0,0,rician,none,42006056
5931,0,0,rician,none,42006057
5932,0,0,rician,none,42006058
5933,0,0,rician,none,42006059
5934,0,0,rician,none,42006060
5935,0,0,rician,none,42006061
5936,0,0,rician,none,42006062
5937,0,0,rician,none,42006063
5938,0,0,rician,none,42006064
5939,0,0,rician,none,42006065
5940,0,0,rician,none,42006066
5941,0,0,rician,none,42006067
5942,0,0,rician,none,42006068
5943,0,0,rician,none,42006069
5944,0,0,rician,none,42006070
5945,0,0,rician,none,42006071
5946,0,0,rician,none,42006072
5947,0,0,rician,none,42006073
5948,0,0,rician,none,42006074
5949,0,0,rician,none,42006075
5950,0,0,rician,none,42006076
5951,0,0,rician,none,42006077
5952,0,0,rician,none,42006078
5953,0,0,rician,none,42006079
5954,0,0,rician,none,42006080
5955,0,0,rician,none,42006081
5956,0,0,rician,none,42006082
5957,0,0,rician,none,42006083
5958,0,0,rician,none,42006084
5959,0,0,rician,none,42006085
5960,0,0,rician,none,42006086
5961,0,0,rician,none,42006087
5962,0,0,rician,none,42006088
5963,0,0,rician,none,42006089
5964,0,0,rician,none,42006090
5965,0,0,rician,none,42006091
5966,0,0,rician,none,42006092
5967,0,0,rician,none,42006093
5968,0,0,rician,none,42006094
5969,0,0,rician,none,42006095
5970,0,0,rician,none,42006096
5971,0,0,rician,none,42006097
5972,0,0,rician,none,42006098
5973,0,0,rician,none,42006099
5974,0,0,rician,none,42006100
5975,0,0,rician,none,42006101
5976,0,0,rician,none,42006102
5977,0,0,rician,none,42006103
5978,0,0,rician,none,42006104
5979,0,0,rician,none,42006105
5980,0,0,rician,none,42006106
5981,0,0,rician,none,42006107
5982,0,0,rician,none,42006108
5983,0,0,rician,none,42006109
5984,0,0,rician,none,42006110
5985,0,0,rician,none,42006111
5986,0,0,rician,none,42006112
5987,0,0,rician,none,42006113
5988,0,0,rician,none,42006114
5989,0,0,rician,none,42006115
5990,0,0,rician,none,42006116
5991,0,0,rician,none,42006117
5992,0,0,rician,none,42006118
5993,0,0,rician,none,42006119
5994,0,0,rician,none,42006120
5995,0,0,rician,none,42006121
5996,0,0,rician,none,42006122
5997,0,0,rician,none,42006123
5998,0,0,rician,none,42006124
5999,0,0,rician,none,42006125
6000,1,5,awgn,16qam,42006126
6001,1,5,awgn,16qam,42006127
6002,1,5,awgn,qpsk,42006128
6003,1,5,awgn,bpsk,42006129
6004,1,5,awgn,16qam,42006130
6005,1,5,awgn,16qam,42006131
6006,1,5,awgn,16qam,42006132
6007,1,5,awgn,16qam,42006133
6008,1,5,awgn,16qam,42006134
6009,1,5,awgn,16qam,42006135
6010,1,5,awgn,16qam,42006136
6011,1,5,awgn,qpsk,42006137
6012,1,5,awgn,16qam,42006138
6013,1,5,awgn,bpsk,42006139
6014,1,5,awgn,bpsk,42006140
6015,1,5,awgn,bpsk,42006141
6016,1,5,awgn,qpsk,42006142
6017,1,5,awgn,16qam,42006143
6018,1,5,awgn,16qam,42006144
6019,1,5,awgn,16qam,42006145
6020,1,5,awgn,qpsk,42006146
6021,1,5,awgn,bpsk,42006147
6022,1,5,awgn,16qam,42006148
6023,1,5,awgn,16qam,42006149
6024,1,5,awgn,bpsk,42006150
6025,1,5,awgn,16qam,42006151
6026,1,5,awgn,qpsk,42006152
6027,1,5,awgn,qpsk,42006153
6028,1,5,awgn,bpsk,42006154
6029,1,5,awgn,16qam,42006155
6030,1,5,awgn,qpsk,42006156
6031,1,5,awgn,qpsk,42006157
6032,1,5,awgn,qpsk,42006158
6033,1,5,awgn,16qam,42006159
6034,1,5,awgn,16qam,42006160
6035,1,5,awgn,16qam,42006161
6036,1,5,awgn,qpsk,42006162
6037,1,5,awgn,16qam,42006163
6038,1,5,awgn,16qam,42006164
6039,1,5,awgn,16qam,42006165
6040,1,5,awgn,qpsk,42006166
6041,1,5,awgn,bpsk,42006167
6042,1,5,awgn,16qam,42006168
6043,1,5,awgn,qpsk,42006169
6044,1,5,awgn,16qam,42006170
6045,1,5,awgn,qpsk,42006171
6046,1,5,awgn,16qam,42006172
6047,1,5,awgn,16qam,42006173
6048,1,5,awgn,qpsk,42006174
6049,1,5,awgn,bpsk,42006175
6050,1,5,awgn,bpsk,42006176
6051,1,5,awgn,qpsk,42006177
6052,1,5,awgn,qpsk,42006178
6053,1,5,awgn,qpsk,42006179
6054,1,5,awgn,16qam,42006180
6055,1,5,awgn,16qam,42006181
6056,1,5,awgn,bpsk,42006182
6057,1,5,awgn,16qam,42006183
6058,1,5,awgn,qpsk,42006184
6059,1,5,awgn,bpsk,42006185
6060,1,5,awgn,qpsk,42006186
6061,1,5,awgn,16qam,42006187
6062,1,5,awgn,bpsk,42006188
6063,1,5,awgn,qpsk,42006189
6064,1,5,awgn,bpsk,42006190
6065,1,5,awgn,16qam,42006191
6066,1,5,awgn,qpsk,42006192
6067,1,5,awgn,qpsk,42006193
6068,1,5,awgn,16qam,42006194
6069,1,5,awgn,bpsk,42006195
6070,1,5,awgn,16qam,42006196
6071,1,5,awgn,bpsk,42006197
6072,1,5,awgn,bpsk,42006198
6073,1,5,awgn,16qam,42006199
6074,1,5,awgn,bpsk,42006200
6075,1,5,awgn,16qam,42006201
6076,1,5,awgn,16qam,42006202
6077,1,5,awgn,qpsk,42006203
6078,1,5,awgn,16qam,42006204
6079,1,5,awgn,16qam,42006205
6080,1,5,awgn,qpsk,42006206
6081,1,5,awgn,qpsk,42006207
6082,1,5,awgn,qpsk,42006208
6083,1,5,awgn,bpsk,42006209
6084,1,5,awgn,16qam,42006210
6085,1,5,awgn,qpsk,42006211
6086,1,5,awgn,bpsk,42006212
6087,1,5,awgn,16qam,42006213
6088,1,5,awgn,bpsk,42006214
6089,1,5,awgn,bpsk,42006215
6090,1,5,awgn,16qam,42006216
6091,1,5,awgn,bpsk,42006217
6092,1,5,awgn,16qam,42006218
6093,1,5,awgn,qpsk,42006219
6094,1,5,awgn,qpsk,42006220
6095,1,5,awgn,qpsk,42006221
6096,1,5,awgn,bpsk,42006222
6097,1,5,awgn,16qam,42006223
6098,1,5,awgn,qpsk,42006224
6099,1,5,awgn,16qam,42006225
6100,1,5,awgn,16qam,42006226
6101,1,5,awgn,bpsk,42006227
6102,1,5,awgn,qpsk,42006228
6103,1,5,awgn,bpsk,42006229
6104,1,5,awgn,16qam,42006230
6105,1,5,awgn,qpsk,42006231
6106,1,5,awgn,qpsk,42006232
6107,1,5,awgn,bpsk,42006233
6108,1,5,awgn,16qam,42006234
6109,1,5,awgn,16qam,42006235
6110,1,5,awgn,16qam,42006236
6111,1,5,awgn,16qam,42006237
6112,1,5,awgn,16qam,42006238
6113,1,5,awgn,16qam,42006239
6114,1,5,awgn,bpsk,42006240
6115,1,5,awgn,16qam,42006241
6116,1,5,awgn,qpsk,42006242
6117,1,5,awgn,qpsk,42006243
6118,1,5,awgn,qpsk,42006244
6119,1,5,awgn,bpsk,42006245
6120,1,5,awgn,16qam,42006246
6121,1,5,awgn,qpsk,42006247
6122,1,5,awgn,16qam,42006248
6123,1,5,awgn,qpsk,42006249
6124,1,5,awgn,16qam,42006250
6125,1,5,awgn,bpsk,42006251
6126,1,5,awgn,bpsk,42006252
6127,1,5,awgn,bpsk,42006253
6128,1,5,awgn,qpsk,42006254
6129,1,5,awgn,bpsk,42006255
6130,1,5,awgn,qpsk,42006256
6131,1,5,awgn,qpsk,42006257
6132,1,5,awgn,16qam,42006258
6133,1,5,awgn,16qam,42006259
6134,1,5,awgn,16qam,42006260
6135,1,5,awgn,bpsk,42006261
6136,1,5,awgn,qpsk,42006262
6137,1,5,awgn,16qam,42006263
6138,1,5,awgn,qpsk,42006264
6139,1,5,awgn,16qam,42006265
6140,1,5,awgn,bpsk,42006266
6141,1,5,awgn,bpsk,42006267
6142,1,5,awgn,bpsk,42006268
6143,1,5,awgn,16qam,42006269
6144,1,5,awgn,qpsk,42006270
6145,1,5,awgn,qpsk,42006271
6146,1,5,awgn,bpsk,42006272
6147,1,5,awgn,16qam,42006273
6148,1,5,awgn,qpsk,42006274
6149,1,5,awgn,qpsk,42006275
6150,1,5,awgn,qpsk,42006276
6151,1,5,awgn,16qam,42006277
6152,1,5,awgn,qpsk,42006278
6153,1,5,awgn,qpsk,42006279
6154,1,5,awgn,16qam,42006280
6155,1,5,awgn,qpsk,42006281
6156,1,5,awgn,qpsk,42006282
6157,1,5,awgn,bpsk,42006283
6158,1,5,awgn,16qam,42006284
6159,1,5,awgn,qpsk,42006285
6160,1,5,awgn,bpsk,42006286
6161,1,5,awgn,bpsk,42006287
6162,1,5,awgn,qpsk,42006288
6163,1,5,awgn,qpsk,42006289
6164,1,5,awgn,bpsk,42006290
6165,1,5,awgn,16qam,42006291
6166,1,5,awgn,qpsk,42006292
6167,1,5,awgn,bpsk,42006293
6168,1,5,awgn,16qam,42006294
6169,1,5,awgn,qpsk,42006295
6170,1,5,awgn,bpsk,42006296
6171,1,5,awgn,qpsk,42006297
6172,1,5,awgn,16qam,42006298
6173,1,5,awgn,bpsk,42006299
6174,1,5,awgn,16qam,42006300
6175,1,5,awgn,qpsk,42006301
6176,1,5,awgn,qpsk,42006302
6177,1,5,awgn,qpsk,42006303
6178,1,5,awgn,16qam,42006304
6179,1,5,awgn,16qam,42006305
6180,1,5,awgn,bpsk,42006306
6181,1,5,awgn,qpsk,42006307
6182,1,5,awgn,16qam,42006308
6183,1,5,awgn,qpsk,42006309
6184,1,5,awgn,qpsk,42006310
6185,1,5,awgn,bpsk,42006311
6186,1,5,awgn,qpsk,42006312
6187,1,5,awgn,qpsk,42006313
6188,1,5,awgn,16qam,42006314
6189,1,5,awgn,16qam,42006315
6190,1,5,awgn,qpsk,42006316
6191,1,5,awgn,qpsk,42006317
6192,1,5,awgn,qpsk,42006318
6193,1,5,awgn,bpsk,42006319
6194,1,5,awgn,qpsk,42006320
6195,1,5,awgn,16qam,42006321
6196,1,5,awgn,bpsk,42006322
6197,1,5,awgn,qpsk,42006323
6198,1,5,awgn,qpsk,42006324
6199,1,5,awgn,bpsk,42006325
6200,0,5,awgn,none,42006326
6201,0,5,awgn,none,42006327
6202,0,5,awgn,none,42006328
6203,0,5,awgn,none,42006329
6204,0,5,awgn,none,42006330
6205,0,5,awgn,none,42006331
6206,0,5,awgn,none,42006332
6207,0,5,awgn,none,42006333
6208,0,5,awgn,none,42006334
6209,0,5,awgn,none,42006335
6210,0,5,awgn,none,42006336
6211,0,5,awgn,none,42006337
6212,0,5,awgn,none,42006338
6213,0,5,awgn,none,42006339
6214,0,5,awgn,none,42006340
6215,0,5,awgn,none,42006341
6216,0,5,awgn,none,42006342
6217,0,5,awgn,none,42006343
6218,0,5,awgn,none,42006344
6219,0,5,awgn,none,42006345
6220,0,5,awgn,none,42006346
6221,0,5,awgn,none,42006347
6222,0,5,awgn,none,42006348
6223,0,5,awgn,none,42006349
6224,0,5,awgn,none,42006350
6225,0,5,awgn,none,42006351
6226,0,5,awgn,none,42006352
6227,0,5,awgn,none,42006353
6228,0,5,awgn,none,42006354
6229,0,5,awgn,none,42006355
6230,0,5,awgn,none,42006356
6231,0,5,awgn,none,42006357
6232,0,5,awgn,none,42006358
6233,0,5,awgn,none,42006359
6234,0,5,awgn,none,42006360
6235,0,5,awgn,none,42006361
6236,0,5,awgn,none,42006362
6237,0,5,awgn,none,42006363
6238,0,5,awgn,none,42006364
6239,0,5,awgn,none,42006365
6240,0,5,awgn,none,42006366
6241,0,5,awgn,none,42006367
6242,0,5,awgn,none,42006368
6243,0,5,awgn,none,42006369
6244,0,5,awgn,none,42006370
6245,0,5,awgn,none,42006371
6246,0,5,awgn,none,42006372
6247,0,5,awgn,none,42006373
6248,0,5,awgn,none,42006374
6249,0,5,awgn,none,42006375
6250,0,5,awgn,none,42006376
6251,0,5,awgn,none,42006377
6252,0,5,awgn,none,42006378
6253,0,5,awgn,none,42006379
6254,0,5,awgn,none,42006380
6255,0,5,awgn,none,42006381
6256,0,5,awgn,none,42006382
6257,0,5,awgn,none,42006383
6258,0,5,awgn,none,42006384
6259,0,5,awgn,none,42006385
6260,0,5,awgn,none,42006386
6261,0,5,awgn,none,42006387
6262,0,5,awgn,none,42006388
6263,0,5,awgn,none,42006389
6264,0,5,awgn,none,42006390
6265,0,5,awgn,none,42006391
6266,0,5,awgn,none,42006392
6267,0,5,awgn,none,42006393
6268,0,5,awgn,none,42006394
6269,0,5,awgn,none,42006395
6270,0,5,awgn,none,42006396
6271,0,5,awgn,none,42006397
6272,0,5,awgn,none,42006398
6273,0,5,awgn,none,42006399
6274,0,5,awgn,none,42006400
6275,0,5,awgn,none,42006401
6276,0,5,awgn,none,42006402
6277,0,5,awgn,none,42006403
6278,0,5,awgn,none,42006404
6279,0,5,awgn,none,42006405
6280,0,5,awgn,none,42006406
6281,0,5,awgn,none,42006407
6282,0,5,awgn,none,42006408
6283,0,5,awgn,none,42006409
6284,0,5,awgn,none,42006410
6285,0,5,awgn,none,42006411
6286,0,5,awgn,none,42006412
6287,0,5,awgn,none,42006413
6288,0,5,awgn,none,42006414
6289,0,5,awgn,none,42006415
6290,0,5,awgn,none,42006416
6291,0,5,awgn,none,42006417
6292,0,5,awgn,none,42006418
6293,0,5,awgn,none,42006419
6294,0,5,awgn,none,42006420
6295,0,5,awgn,none,42006421
6296,0,5,awgn,none,42006422
6297,0,5,awgn,none,42006423
6298,0,5,awgn,none,42006424
6299,0,5,awgn,none,42006425
6300,0,5,awgn,none,42006426
6301,0,5,awgn,none,42006427
6302,0,5,awgn,none,42006428
6303,0,5,awgn,none,42006429
6304,0,5,awgn,none,42006430
6305,0,5,awgn,none,42006431
6306,0,5,awgn,none,42006432
6307,0,5,awgn,none,42006433
6308,0,5,awgn,none,42006434
6309,0,5,awgn,none,42006435
6310,0,5,awgn,none,42006436
6311,0,5,awgn,none,42006437
6312,0,5,awgn,none,42006438
6313,0,5,awgn,none,42006439
6314,0,5,awgn,none,42006440
6315,0,5,awgn,none,42006441
6316,0,5,awgn,none,42006442
6317,0,5,awgn,none,42006443
6318,0,5,awgn,none,42006444
6319,0,5,awgn,none,42006445
6320,0,5,awgn,none,42006446
6321,0,5,awgn,none,42006447
6322,0,5,awgn,none,42006448
6323,0,5,awgn,none,42006449
6324,0,5,awgn,none,42006450
6325,0,5,awgn,none,42006451
6326,0,5,awgn,none,42006452
6327,0,5,awgn,none,42006453
6328,0,5,awgn,none,42006454
6329,0,5,awgn,none,42006455
6330,0,5,awgn,none,42006456
6331,0,5,awgn,none,42006457
6332,0,5,awgn,none,42006458
6333,0,5,awgn,none,42006459
6334,0,5,awgn,none,42006460
6335,0,5,awgn,none,42006461
6336,0,5,awgn,none,42006462
6337,0,5,awgn,none,42006463
6338,0,5,awgn,none,42006464
6339,0,5,awgn,none,42006465
6340,0,5,awgn,none,42006466
6341,0,5,awgn,none,42006467
6342,0,5,awgn,none,42006468
6343,0,5,awgn,none,42006469
6344,0,5,awgn,none,42006470
6345,0,5,awgn,none,42006471
6346,0,5,awgn,none,42006472
6347,0,5,awgn,none,42006473
6348,0,5,awgn,none,42006474
6349,0,5,awgn,none,42006475
6350,0,5,awgn,none,42006476
6351,0,5,awgn,none,42006477
6352,0,5,awgn,none,42006478
6353,0,5,awgn,none,42006479
6354,0,5,awgn,none,42006480
6355,0,5,awgn,none,42006481
6356,0,5,awgn,none,42006482
6357,0,5,awgn,none,42006483
6358,0,5,awgn,none,42006484
6359,0,5,awgn,none,42006485
6360,0,5,awgn,none,42006486
6361,0,5,awgn,none,42006487
6362,0,5,awgn,none,42006488
6363,0,5,awgn,none,42006489
6364,0,5,awgn,none,42006490
6365,0,5,awgn,none,42006491
6366,0,5,awgn,none,42006492
6367,0,5,awgn,none,42006493
6368,0,5,awgn,none,42006494
6369,0,5,awgn,none,42006495
6370,0,5,awgn,none,42006496
6371,0,5,awgn,none,42006497
6372,0,5,awgn,none,42006498
6373,0,5,awgn,none,42006499
6374,0,5,awgn,none,42006500
6375,0,5,awgn,none,42006501
6376,0,5,awgn,none,42006502
6377,0,5,awgn,none,42006503
6378,0,5,awgn,none,42006504
6379,0,5,awgn,none,42006505
6380,0,5,awgn,none,42006506
6381,0,5,awgn,none,42006507
6382,0,5,awgn,none,42006508
6383,0,5,awgn,none,42006509
6384,0,5,awgn,none,42006510
6385,0,5,awgn,none,42006511
6386,0,5,awgn,none,42006512
6387,0,5,awgn,none,42006513
6388,0,5,awgn,none,42006514
6389,0,5,awgn,none,42006515
6390,0,5,awgn,none,42006516
6391,0,5,awgn,none,42006517
6392,0,5,awgn,none,42006518
6393,0,5,awgn,none,42006519
6394,0,5,awgn,none,42006520
6395,0,5,awgn,none,42006521
6396,0,5,awgn,none,42006522
6397,0,5,awgn,none,42006523
6398,0,5,awgn,none,42006524
6399,0,5,awgn,none,42006525
6400,1,5,rayleigh,16qam,42006526
6401,1,5,rayleigh,qpsk,42006527
6402,1,5,rayleigh,16qam,42006528
6403,1,5,rayleigh,16qam,42006529
6404,1,5,rayleigh,bpsk,42006530
6405,1,5,rayleigh,16qam,42006531
6406,1,5,rayleigh,16qam,42006532
6407,1,5,rayleigh,16qam,42006533
6408,1,5,rayleigh,qpsk,42006534
6409,1,5,rayleigh,bpsk,42006535
6410,1,5,rayleigh,16qam,42006536
6411,1,5,rayleigh,bpsk,42006537
6412,1,5,rayleigh,bpsk,42006538
6413,1,5,rayleigh,16qam,42006539
6414,1,5,rayleigh,bpsk,42006540
6415,1,5,rayleigh,16qam,42006541
6416,1,5,rayleigh,qpsk,42006542
6417,1,5,rayleigh,qpsk,42006543
6418,1,5,rayleigh,16qam,42006544
6419,1,5,rayleigh,qpsk,42006545
6420,1,5,rayleigh,16qam,42006546
6421,1,5,rayleigh,qpsk,42006547
6422,1,5,rayleigh,bpsk,42006548
6423,1,5,rayleigh,qpsk,42006549
6424,1,5,rayleigh,16qam,42006550
6425,1,5,rayleigh,16qam,42006551
6426,1,5,rayleigh,bpsk,42006552
6427,1,5,rayleigh,qpsk,42006553
6428,1,5,rayleigh,bpsk,42006554
6429,1,5,rayleigh,qpsk,42006555
6430,1,5,rayleigh,16qam,42006556
6431,1,5,rayleigh,bpsk,42006557
6432,1,5,rayleigh,qpsk,42006558
6433,1,5,rayleigh,16qam,42006559
6434,1,5,rayleigh,16qam,42006560
6435,1,5,rayleigh,qpsk,42006561
6436,1,5,rayleigh,16qam,42006562
6437,1,5,rayleigh,bpsk,42006563
6438,1,5,rayleigh,bpsk,42006564
6439,1,5,rayleigh,qpsk,42006565
6440,1,5,rayleigh,16qam,42006566
6441,1,5,rayleigh,qpsk,42006567
6442,1,5,rayleigh,16qam,42006568
6443,1,5,rayleigh,qpsk,42006569
6444,1,5,rayleigh,16qam,42006570
6445,1,5,rayleigh,bpsk,42006571
6446,1,5,rayleigh,16qam,42006572
6447,1,5,rayleigh,bpsk,42006573
6448,1,5,rayleigh,qpsk,42006574
6449,1,5,rayleigh,bpsk,42006575
6450,1,5,rayleigh,16qam,42006576
6451,1,5,rayleigh,qpsk,42006577
6452,1,5,rayleigh,16qam,42006578
6453,1,5,rayleigh,16qam,42006579
6454,1,5,rayleigh,qpsk,42006580
6455,1,5,rayleigh,16qam,42006581
6456,1,5,rayleigh,qpsk,42006582
6457,1,5,rayleigh,16qam,42006583
6458,1,5,rayleigh,16qam,42006584
6459,1,5,rayleigh,bpsk,42006585
6460,1,5,rayleigh,bpsk,42006586
6461,1,5,rayleigh,qpsk,42006587
6462,1,5,rayleigh,bpsk,42006588
6463,1,5,rayleigh,bpsk,42006589
6464,1,5,rayleigh,16qam,42006590
6465,1,5,rayleigh,16qam,42006591
6466,1,5,rayleigh,bpsk,42006592
6467,1,5,rayleigh,bpsk,42006593
6468,1,5,rayleigh,bpsk,42006594
6469,1,5,rayleigh,qpsk,42006595
6470,1,5,rayleigh,bpsk,42006596
6471,1,5,rayleigh,qpsk,42006597
6472,1,5,rayleigh,bpsk,42006598
6473,1,5,rayleigh,bpsk,42006599
6474,1,5,rayleigh,16qam,42006600
6475,1,5,rayleigh,16qam,42006601
6476,1,5,rayleigh,16qam,42006602
6477,1,5,rayleigh,16qam,42006603
6478,1,5,rayleigh,16qam,42006604
6479,1,5,rayleigh,bpsk,42006605
6480,1,5,rayleigh,qpsk,42006606
6481,1,5,rayleigh,qpsk,42006607
6482,1,5,rayleigh,bpsk,42006608
6483,1,5,rayleigh,bpsk,42006609
6484,1,5,rayleigh,qpsk,42006610
6485,1,5,rayleigh,16qam,42006611
6486,1,5,rayleigh,16qam,42006612
6487,1,5,rayleigh,16qam,42006613
6488,1,5,rayleigh,16qam,42006614
6489,1,5,rayleigh,bpsk,42006615
6490,1,5,rayleigh,16qam,42006616
6491,1,5,rayleigh,bpsk,42006617
6492,1,5,rayleigh,qpsk,42006618
6493,1,5,rayleigh,bpsk,42006619
6494,1,5,rayleigh,bpsk,42006620
6495,1,5,rayleigh,16qam,42006621
6496,1,5,rayleigh,16qam,42006622
6497,1,5,rayleigh,bpsk,42006623
6498,1,5,rayleigh,bpsk,42006624
6499,1,5,rayleigh,bpsk,42006625
6500,1,5,rayleigh,16qam,42006626
6501,1,5,rayleigh,qpsk,42006627
6502,1,5,rayleigh,16qam,42006628
6503,1,5,rayleigh,bpsk,42006629
6504,1,5,rayleigh,bpsk,42006630
6505,1,5,rayleigh,16qam,42006631
6506,1,5,rayleigh,qpsk,42006632
6507,1,5,rayleigh,16qam,42006633
6508,1,5,rayleigh,qpsk,42006634
6509,1,5,rayleigh,16qam,42006635
6510,1,5,rayleigh,bpsk,42006636
6511,1,5,rayleigh,qpsk,42006637
6512,1,5,rayleigh,bpsk,42006638
6513,1,5,rayleigh,16qam,42006639
6514,1,5,rayleigh,qpsk,42006640
6515,1,5,rayleigh,qpsk,42006641
6516,1,5,rayleigh,16qam,42006642
6517,1,5,rayleigh,16qam,42006643
6518,1,5,rayleigh,16qam,42006644
6519,1,5,rayleigh,16qam,42006645
6520,1,5,rayleigh,bpsk,42006646
6521,1,5,rayleigh,qpsk,42006647
6522,1,5,rayleigh,qpsk,42006648
6523,1,5,rayleigh,bpsk,42006649
6524,1,5,rayleigh,16qam,42006650
6525,1,5,rayleigh,16qam,42006651
6526,1,5,rayleigh,qpsk,42006652
6527,1,5,rayleigh,16qam,42006653
6528,1,5,rayleigh,16qam,42006654
6529,1,5,rayleigh,bpsk,42006655
6530,1,5,rayleigh,bpsk,42006656
6531,1,5,rayleigh,16qam,42006657
6532,1,5,rayleigh,bpsk,42006658
6533,1,5,rayleigh,bpsk,42006659
6534,1,5,rayleigh,qpsk,42006660
6535,1,5,rayleigh,qpsk,42006661
6536,1,5,rayleigh,16qam,42006662
6537,1,5,rayleigh,qpsk,42006663
6538,1,5,rayleigh,16qam,42006664
6539,1,5,rayleigh,16qam,42006665
6540,1,5,rayleigh,qpsk,42006666
6541,1,5,rayleigh,16qam,42006667
6542,1,5,rayleigh,qpsk,42006668
6543,1,5,rayleigh,qpsk,42006669
6544,1,5,rayleigh,16qam,42006670
6545,1,5,rayleigh,bpsk,42006671
6546,1,5,rayleigh,qpsk,42006672
6547,1,5,rayleigh,qpsk,42006673
6548,1,5,rayleigh,16qam,42006674
6549,1,5,rayleigh,16qam,42006675
6550,1,5,rayleigh,bpsk,42006676
6551,1,5,rayleigh,16qam,42006677
6552,1,5,rayleigh,qpsk,42006678
6553,1,5,rayleigh,qpsk,42006679
6554,1,5,rayleigh,bpsk,42006680
6555,1,5,rayleigh,qpsk,42006681
6556,1,5,rayleigh,qpsk,42006682
6557,1,5,rayleigh,bpsk,42006683
6558,1,5,rayleigh,qpsk,42006684
6559,1,5,rayleigh,qpsk,42006685
6560,1,5,rayleigh,16qam,42006686
6561,1,5,rayleigh,qpsk,42006687
6562,1,5,rayleigh,bpsk,42006688
6563,1,5,rayleigh,16qam,42006689
6564,1,5,rayleigh,qpsk,42006690
6565,1,5,rayleigh,bpsk,42006691
6566,1,5,rayleigh,qpsk,42006692
6567,1,5,rayleigh,qpsk,42006693
6568,1,5,rayleigh,qpsk,42006694
6569,1,5,rayleigh,bpsk,42006695
6570,1,5,rayleigh,16qam,42006696
6571,1,5,rayleigh,16qam,42006697
6572,1,5,rayleigh,bpsk,42006698
6573,1,5,rayleigh,bpsk,42006699
6574,1,5,rayleigh,qpsk,42006700
6575,1,5,rayleigh,bpsk,42006701
6576,1,5,rayleigh,qpsk,42006702
6577,1,5,rayleigh,qpsk,42006703
6578,1,5,rayleigh,bpsk,42006704
6579,1,5,rayleigh,qpsk,42006705
6580,1,5,rayleigh,16qam,42006706
6581,1,5,rayleigh,bpsk,42006707
6582,1,5,rayleigh,16qam,42006708
6583,1,5,rayleigh,16qam,42006709
6584,1,5,rayleigh,qpsk,42006710
6585,1,5,rayleigh,16qam,42006711
6586,1,5,rayleigh,bpsk,42006712
6587,1,5,rayleigh,qpsk,42006713
6588,1,5,rayleigh,qpsk,42006714
6589,1,5,rayleigh,bpsk,42006715
6590,1,5,rayleigh,bpsk,42006716
6591,1,5,rayleigh,qpsk,42006717
6592,1,5,rayleigh,16qam,42006718
6593,1,5,rayleigh,bpsk,42006719
6594,1,5,rayleigh,bpsk,42006720
6595,1,5,rayleigh,bpsk,42006721
6596,1,5,rayleigh,qpsk,42006722
6597,1,5,rayleigh,bpsk,42006723
6598,1,5,rayleigh,bpsk,42006724
6599,1,5,rayleigh,16qam,42006725
6600,0,5,rayleigh,none,42006726
6601,0,5,rayleigh,none,42006727
6602,0,5,rayleigh,none,42006728
6603,0,5,rayleigh,none,42006729
6604,0,5,rayleigh,none,42006730
6605,0,5,rayleigh,none,42006731
6606,0,5,rayleigh,none,42006732
6607,0,5,rayleigh,none,42006733
6608,0,5,rayleigh,none,42006734
6609,0,5,rayleigh,none,42006735
6610,0,5,rayleigh,none,42006736
6611,0,5,rayleigh,none,42006737
6612,0,5,rayleigh,none,42006738
6613,0,5,rayleigh,none,42006739
6614,0,5,rayleigh,none,42006740
6615,0,5,rayleigh,none,42006741
6616,0,5,rayleigh,none,42006742
6617,0,5,rayleigh,none,42006743
6618,0,5,rayleigh,none,42006744
6619,0,5,rayleigh,none,42006745
6620,0,5,rayleigh,none,42006746
6621,0,5,rayleigh,none,42006747
6622,0,5,rayleigh,none,42006748
6623,0,5,rayleigh,none,42006749
6624,0,5,rayleigh,none,42006750
6625,0,5,rayleigh,none,42006751
6626,0,5,rayleigh,none,42006752
6627,0,5,rayleigh,none,42006753
6628,0,5,rayleigh,none,42006754
6629,0,5,rayleigh,none,42006755
6630,0,5,rayleigh,none,42006756
6631,0,5,rayleigh,none,42006757
6632,0,5,rayleigh,none,42006758
6633,0,5,rayleigh,none,42006759
6634,0,5,rayleigh,none,42006760
6635,0,5,rayleigh,none,42006761
6636,0,5,rayleigh,none,42006762
6637,0,5,rayleigh,none,42006763
6638,0,5,rayleigh,none,42006764
6639,0,5,rayleigh,none,42006765
6640,0,5,rayleigh,none,42006766
6641,0,5,rayleigh,none,42006767
6642,0,5,rayleigh,none,42006768
6643,0,5,rayleigh,none,42006769
6644,0,5,rayleigh,none,42006770
6645,0,5,rayleigh,none,42006771
6646,0,5,rayleigh,none,42006772
6647,0,5,rayleigh,none,42006773
6648,0,5,rayleigh,none,42006774
6649,0,5,rayleigh,none,42006775
6650,0,5,rayleigh,none,42006776
6651,0,5,rayleigh,none,42006777
6652,0,5,rayleigh,none,42006778
6653,0,5,rayleigh,none,42006779
6654,0,5,rayleigh,none,42006780
6655,0,5,rayleigh,none,42006781
6656,0,5,rayleigh,none,42006782
6657,0,5,rayleigh,none,42006783
6658,0,5,rayleigh,none,42006784
6659,0,5,rayleigh,none,42006785
6660,0,5,rayleigh,none,42006786
6661,0,5,rayleigh,none,42006787
6662,0,5,rayleigh,none,42006788
6663,0,5,rayleigh,none,42006789
6664,0,5,rayleigh,none,42006790
6665,0,5,rayleigh,none,42006791
6666,0,5,rayleigh,none,42006792
6667,0,5,rayleigh,none,42006793
6668,0,5,rayleigh,none,42006794
6669,0,5,rayleigh,none,42006795
6670,0,5,rayleigh,none,42006796
6671,0,5,rayleigh,none,42006797
6672,0,5,rayleigh,none,42006798
6673,0,5,rayleigh,none,42006799
6674,0,5,rayleigh,none,42006800
6675,0,5,rayleigh,none,42006801
6676,0,5,rayleigh,none,42006802
6677,0,5,rayleigh,none,42006803
6678,0,5,rayleigh,none,42006804
6679,0,5,rayleigh,none,42006805
6680,0,5,rayleigh,none,42006806
6681,0,5,rayleigh,none,42006807
6682,0,5,rayleigh,none,42006808
6683,0,5,rayleigh,none,42006809
6684,0,5,rayleigh,none,42006810
6685,0,5,rayleigh,none,42006811
6686,0,5,rayleigh,none,42006812
6687,0,5,rayleigh,none,42006813
6688,0,5,rayleigh,none,42006814
6689,0,5,rayleigh,none,42006815
6690,0,5,rayleigh,none,42006816
6691,0,5,rayleigh,none,42006817
6692,0,5,rayleigh,none,42006818
6693,0,5,rayleigh,none,42006819
6694,0,5,rayleigh,none,42006820
6695,0,5,rayleigh,none,42006821
6696,0,5,rayleigh,none,42006822
6697,0,5,rayleigh,none,42006823
6698,0,5,rayleigh,none,42006824
6699,0,5,rayleigh,none,42006825
6700,0,5,rayleigh,none,42006826
6701,0,5,rayleigh,none,42006827
6702,0,5,rayleigh,none,42006828
6703,0,5,rayleigh,none,42006829
6704,0,5,rayleigh,none,42006830
6705,0,5,rayleigh,none,42006831
6706,0,5,rayleigh,none,42006832
6707,0,5,rayleigh,none,42006833
6708,0,5,rayleigh,none,42006834
6709,0,5,rayleigh,none,42006835
6710,0,5,rayleigh,none,42006836
6711,0,5,rayleigh,none,42006837
6712,0,5,rayleigh,none,42006838
6713,0,5,rayleigh,none,42006839
6714,0,5,rayleigh,none,42006840
6715,0,5,rayleigh,none,42006841
6716,0,5,rayleigh,none,42006842
6717,0,5,rayleigh,none,42006843
6718,0,5,rayleigh,none,42006844
6719,0,5,rayleigh,none,42006845
6720,0,5,rayleigh,none,42006846
6721,0,5,rayleigh,none,42006847
6722,0,5,rayleigh,none,42006848
6723,0,5,rayleigh,none,42006849
6724,0,5,rayleigh,none,42006850
6725,0,5,rayleigh,none,42006851
6726,0,5,rayleigh,none,42006852
6727,0,5,rayleigh,none,42006853
6728,0,5,rayleigh,none,42006854
6729,0,5,rayleigh,none,42006855
6730,0,5,rayleigh,none,42006856
6731,0,5,rayleigh,none,42006857
6732,0,5,rayleigh,none,42006858
6733,0,5,rayleigh,none,42006859
6734,0,5,rayleigh,none,42006860
6735,0,5,rayleigh,none,42006861
6736,0,5,rayleigh,none,42006862
6737,0,5,rayleigh,none,42006863
6738,0,5,rayleigh,none,42006864
6739,0,5,rayleigh,none,42006865
6740,0,5,rayleigh,none,42006866
6741,0,5,rayleigh,none,42006867
6742,0,5,rayleigh,none,42006868
6743,0,5,rayleigh,none,42006869
6744,0,5,rayleigh,none,42006870
6745,0,5,rayleigh,none,42006871
6746,0,5,rayleigh,none,42006872
6747,0,5,rayleigh,none,42006873
6748,0,5,rayleigh,none,42006874
6749,0,5,rayleigh,none,42006875
6750,0,5,rayleigh,none,42006876
6751,0,5,rayleigh,none,42006877
6752,0,5,rayleigh,none,42006878
6753,0,5,rayleigh,none,42006879
6754,0,5,rayleigh,none,42006880
6755,0,5,rayleigh,none,42006881
6756,0,5,rayleigh,none,42006882
6757,0,5,rayleigh,none,42006883
6758,0,5,rayleigh,none,42006884
6759,0,5,rayleigh,none,42006885
6760,0,5,rayleigh,none,42006886
6761,0,5,rayleigh,none,42006887
6762,0,5,rayleigh,none,42006888
6763,0,5,rayleigh,none,42006889
6764,0,5,rayleigh,none,42006890
6765,0,5,rayleigh,none,42006891
6766,0,5,rayleigh,none,42006892
6767,0,5,rayleigh,none,42006893
6768,0,5,rayleigh,none,42006894
6769,0,5,rayleigh,none,42006895
6770,0,5,rayleigh,none,42006896
6771,0,5,rayleigh,none,42006897
6772,0,5,rayleigh,none,42006898
6773,0,5,rayleigh,none,42006899
6774,0,5,rayleigh,none,42006900
6775,0,5,rayleigh,none,42006901
6776,0,5,rayleigh,none,42006902
6777,0,5,rayleigh,none,42006903
6778,0,5,rayleigh,none,42006904
6779,0,5,rayleigh,none,42006905
6780,0,5,rayleigh,none,42006906
6781,0,5,rayleigh,none,42006907
6782,0,5,rayleigh,none,42006908
6783,0,5,rayleigh,none,42006909
6784,0,5,rayleigh,none,42006910
6785,0,5,rayleigh,none,42006911
6786,0,5,rayleigh,none,42006912
6787,0,5,rayleigh,none,42006913
6788,0,5,rayleigh,none,42006914
6789,0,5,rayleigh,none,42006915
6790,0,5,rayleigh,none,42006916
6791,0,5,rayleigh,none,42006917
6792,0,5,rayleigh,none,42006918
6793,0,5,rayleigh,none,42006919
6794,0,5,rayleigh,none,42006920
6795,0,5,rayleigh,none,42006921
6796,0,5,rayleigh,none,42006922
6797,0,5,rayleigh,none,42006923
6798,0,5,rayleigh,none,42006924
6799,0,5,rayleigh,none,42006925
6800,1,5,rician,16qam,42006926
6801,1,5,rician,16qam,42006927
6802,1,5,rician,bpsk,42006928
6803,1,5,rician,16qam,42006929
6804,1,5,rician,16qam,42006930
6805,1,5,rician,16qam,42006931
6806,1,5,rician,qpsk,42006932
6807,1,5,rician,bpsk,42006933
6808,1,5,rician,bpsk,42006934
6809,1,5,rician,16qam,42006935
6810,1,5,rician,16qam,42006936
6811,1,5,rician,bpsk,42006937
6812,1,5,rician,16qam,42006938
6813,1,5,rician,16qam,42006939
6814,1,5,rician,qpsk,42006940
6815,1,5,rician,bpsk,42006941
6816,1,5,rician,16qam,42006942
6817,1,5,rician,16qam,42006943
6818,1,5,rician,16qam,42006944
6819,1,5,rician,bpsk,42006945
6820,1,5,rician,16qam,42006946
6821,1,5,rician,16qam,42006947
6822,1,5,rician,16qam,42006948
6823,1,5,rician,bpsk,42006949
6824,1,5,rician,16qam,42006950
6825,1,5,rician,qpsk,42006951
6826,1,5,rician,qpsk,42006952
6827,1,5,rician,qpsk,42006953
6828,1,5,rician,qpsk,42006954
6829,1,5,rician,bpsk,42006955
6830,1,5,rician,bpsk,42006956
6831,1,5,rician,bpsk,42006957
6832,1,5,rician,16qam,42006958
6833,1,5,rician,16qam,42006959
6834,1,5,rician,bpsk,42006960
6835,1,5,rician,bpsk,42006961
6836,1,5,rician,qpsk,42006962
6837,1,5,rician,qpsk,42006963
6838,1,5,rician,bpsk,42006964
6839,1,5,rician,16qam,42006965
6840,1,5,rician,16qam,42006966
6841,1,5,rician,bpsk,42006967
6842,1,5,rician,qpsk,42006968
6843,1,5,rician,16qam,42006969
6844,1,5,rician,bpsk,42006970
6845,1,5,rician,bpsk,42006971
6846,1,5,rician,16qam,42006972
6847,1,5,rician,qpsk,42006973
6848,1,5,rician,qpsk,42006974
6849,1,5,rician,16qam,42006975
6850,1,5,rician,qpsk,42006976
6851,1,5,rician,bpsk,42006977
6852,1,5,rician,qpsk,42006978
6853,1,5,rician,qpsk,42006979
6854,1,5,rician,bpsk,42006980
6855,1,5,rician,bpsk,42006981
6856,1,5,rician,16qam,42006982
6857,1,5,rician,qpsk,42006983
6858,1,5,rician,bpsk,42006984
6859,1,5,rician,bpsk,42006985
6860,1,5,rician,qpsk,42006986
6861,1,5,rician,qpsk,42006987
6862,1,5,rician,qpsk,42006988
6863,1,5,rician,bpsk,42006989
6864,1,5,rician,bpsk,42006990
6865,1,5,rician,bpsk,42006991
6866,1,5,rician,bpsk,42006992
6867,1,5,rician,bpsk,42006993
6868,1,5,rician,16qam,42006994
6869,1,5,rician,16qam,42006995
6870,1,5,rician,bpsk,42006996
6871,1,5,rician,bpsk,42006997
6872,1,5,rician,bpsk,42006998
6873,1,5,rician,qpsk,42006999
6874,1,5,rician,bpsk,42007000
6875,1,5,rician,16qam,42007001
6876,1,5,rician,bpsk,42007002
6877,1,5,rician,16qam,42007003
6878,1,5,rician,16qam,42007004
6879,1,5,rician,16qam,42007005
6880,1,5,rician,16qam,42007006
6881,1,5,rician,qpsk,42007007
6882,1,5,rician,16qam,42007008
6883,1,5,rician,qpsk,42007009
6884,1,5,rician,qpsk,42007010
6885,1,5,rician,qpsk,42007011
6886,1,5,rician,qpsk,42007012
6887,1,5,rician,16qam,42007013
6888,1,5,rician,bpsk,42007014
6889,1,5,rician,16qam,42007015
6890,1,5,rician,16qam,42007016
6891,1,5,rician,qpsk,42007017
6892,1,5,rician,bpsk,42007018
6893,1,5,rician,bpsk,42007019
6894,1,5,rician,16qam,42007020
6895,1,5,rician,16qam,42007021
6896,1,5,rician,16qam,42007022
6897,1,5,rician,bpsk,42007023
6898,1,5,rician,qpsk,42007024
6899,1,5,rician,bpsk,42007025
6900,1,5,rician,bpsk,42007026
6901,1,5,rician,16qam,42007027
6902,1,5,rician,bpsk,42007028
6903,1,5,rician,bpsk,42007029
6904,1,5,rician,bpsk,42007030
6905,1,5,rician,16qam,42007031
6906,1,5,rician,qpsk,42007032
6907,1,5,rician,16qam,42007033
6908,1,5,rician,qpsk,42007034
6909,1,5,rician,16qam,42007035
6910,1,5,rician,bpsk,42007036
6911,1,5,rician,bpsk,42007037
6912,1,5,rician,16qam,42007038
6913,1,5,rician,16qam,42007039
6914,1,5,rician,qpsk,42007040
6915,1,5,rician,bpsk,42007041
6916,1,5,rician,qpsk,42007042
6917,1,5,rician,16qam,42007043
6918,1,5,rician,bpsk,42007044
6919,1,5,rician,qpsk,42007045
6920,1,5,rician,qpsk,42007046
6921,1,5,rician,qpsk,42007047
6922,1,5,rician,qpsk,42007048
6923,1,5,rician,qpsk,42007049
6924,1,5,rician,16qam,42007050
6925,1,5,rician,qpsk,42007051
6926,1,5,rician,bpsk,42007052
6927,1,5,rician,16qam,42007053
6928,1,5,rician,qpsk,42007054
6929,1,5,rician,qpsk,42007055
6930,1,5,rician,bpsk,42007056
6931,1,5,rician,qpsk,42007057
6932,1,5,rician,16qam,42007058
6933,1,5,rician,16qam,42007059
6934,1,5,rician,16qam,42007060
6935,1,5,rician,16qam,42007061
6936,1,5,rician,16qam,42007062
6937,1,5,rician,16qam,42007063
6938,1,5,rician,qpsk,42007064
6939,1,5,rician,qpsk,42007065
6940,1,5,rician,qpsk,42007066
6941,1,5,rician,bpsk,42007067
6942,1,5,rician,16qam,42007068
6943,1,5,rician,16qam,42007069
6944,1,5,rician,bpsk,42007070
6945,1,5,rician,16qam,42007071
6946,1,5,rician,bpsk,42007072
6947,1,5,rician,16qam,42007073
6948,1,5,rician,qpsk,42007074
6949,1,5,rician,qpsk,42007075
6950,1,5,rician,bpsk,42007076
6951,1,5,rician,bpsk,42007077
6952,1,5,rician,16qam,42007078
6953,1,5,rician,bpsk,42007079
6954,1,5,rician,bpsk,42007080
6955,1,5,rician,qpsk,42007081
6956,1,5,rician,qpsk,42007082
6957,1,5,rician,qpsk,42007083
6958,1,5,rician,bpsk,42007084
6959,1,5,rician,qpsk,42007085
6960,1,5,rician,qpsk,42007086
6961,1,5,rician,16qam,42007087
6962,1,5,rician,qpsk,42007088
6963,1,5,rician,16qam,42007089
6964,1,5,rician,bpsk,42007090
6965,1,5,rician,16qam,42007091
6966,1,5,rician,16qam,42007092
6967,1,5,rician,bpsk,42007093
6968,1,5,rician,16qam,42007094
6969,1,5,rician,bpsk,42007095
6970,1,5,rician,16qam,42007096
6971,1,5,rician,qpsk,42007097
6972,1,5,rician,16qam,42007098
6973,1,5,rician,qpsk,42007099
6974,1,5,rician,bpsk,42007100
6975,1,5,rician,bpsk,42007101
6976,1,5,rician,qpsk,42007102
6977,1,5,rician,16qam,42007103
6978,1,5,rician,16qam,42007104
6979,1,5,rician,qpsk,42007105
6980,1,5,rician,16qam,42007106
6981,1,5,rician,qpsk,42007107
6982,1,5,rician,16qam,42007108
6983,1,5,rician,bpsk,42007109
6984,1,5,rician,qpsk,42007110
6985,1,5,rician,qpsk,42007111
6986,1,5,rician,bpsk,42007112
6987,1,5,rician,qpsk,42007113
6988,1,5,rician,16qam,42007114
6989,1,5,rician,bpsk,42007115
6990,1,5,rician,bpsk,42007116
6991,1,5,rician,qpsk,42007117
6992,1,5,rician,16qam,42007118
6993,1,5,rician,bpsk,42007119
6994,1,5,rician,bpsk,42007120
6995,1,5,rician,qpsk,42007121
6996,1,5,rician,qpsk,42007122
6997,1,5,rician,16qam,42007123
6998,1,5,rician,qpsk,42007124
6999,1,5,rician,bpsk,42007125
7000,0,5,rician,none,42007126
7001,0,5,rician,none,42007127
7002,0,5,rician,none,42007128
7003,0,5,rician,none,42007129
7004,0,5,rician,none,42007130
7005,0,5,rician,none,42007131
7006,0,5,rician,none,42007132
7007,0,5,rician,none,42007133
7008,0,5,rician,none,42007134
7009,0,5,rician,none,42007135
7010,0,5,rician,none,42007136
7011,0,5,rician,none,42007137
7012,0,5,rician,none,42007138
7013,0,5,rician,none,42007139
7014,0,5,rician,none,42007140
7015,0,5,rician,none,42007141
7016,0,5,rician,none,42007142
7017,0,5,rician,none,42007143
7018,0,5,rician,none,42007144
7019,0,5,rician,none,42007145
7020,0,5,rician,none,42007146
7021,0,5,rician,none,42007147
7022,0,5,rician,none,42007148
7023,0,5,rician,none,42007149
7024,0,5,rician,none,42007150
7025,0,5,rician,none,42007151
7026,0,5,rician,none,42007152
7027,0,5,rician,none,42007153
7028,0,5,rician,none,42007154
7029,0,5,rician,none,42007155
7030,0,5,rician,none,42007156
7031,0,5,rician,none,42007157
7032,0,5,rician,none,42007158
7033,0,5,rician,none,42007159
7034,0,5,rician,none,42007160
7035,0,5,rician,none,42007161
7036,0,5,rician,none,42007162
7037,0,5,rician,none,42007163
7038,0,5,rician,none,42007164
7039,0,5,rician,none,42007165
7040,0,5,rician,none,42007166
7041,0,5,rician,none,42007167
7042,0,5,rician,none,42007168
7043,0,5,rician,none,42007169
7044,0,5,rician,none,42007170
7045,0,5,rician,none,42007171
7046,0,5,rician,none,42007172
7047,0,5,rician,none,42007173
7048,0,5,rician,none,42007174
7049,0,5,rician,none,42007175
7050,0,5,rician,none,42007176
7051,0,5,rician,none,42007177
7052,0,5,rician,none,42007178
7053,0,5,rician,none,42007179
7054,0,5,rician,none,42007180
7055,0,5,rician,none,42007181
7056,0,5,rician,none,42007182
7057,0,5,rician,none,42007183
7058,0,5,rician,none,42007184
7059,0,5,rician,none,42007185
7060,0,5,rician,none,42007186
7061,0,5,rician,none,42007187
7062,0,5,rician,none,42007188
7063,0,5,rician,none,42007189
7064,0,5,rician,none,42007190
7065,0,5,rician,none,42007191
7066,0,5,rician,none,42007192
7067,0,5,rician,none,42007193
7068,0,5,rician,none,42007194
7069,0,5,rician,none,42007195
7070,0,5,rician,none,42007196
7071,0,5,rician,none,42007197
7072,0,5,rician,none,42007198
7073,0,5,rician,none,42007199
7074,0,5,rician,none,42007200
7075,0,5,rician,none,42007201
7076,0,5,rician,none,42007202
7077,0,5,rician,none,42007203
7078,0,5,rician,none,42007204
7079,0,5,rician,none,42007205
7080,0,5,rician,none,42007206
7081,0,5,rician,none,42007207
7082,0,5,rician,none,42007208
7083,0,5,rician,none,42007209
7084,0,5,rician,none,42007210
7085,0,5,rician,none,42007211
7086,0,5,rician,none,42007212
7087,0,5,rician,none,42007213
7088,0,5,rician,none,42007214
7089,0,5,rician,none,42007215
7090,0,5,rician,none,42007216
7091,0,5,rician,none,42007217
7092,0,5,rician,none,42007218
7093,0,5,rician,none,42007219
7094,0,5,rician,none,42007220
7095,0,5,rician,none,42007221
7096,0,5,rician,none,42007222
7097,0,5,rician,none,42007223
7098,0,5,rician,none,42007224
7099,0,5,rician,none,42007225
7100,0,5,rician,none,42007226
7101,0,5,rician,none,42007227
7102,0,5,rician,none,42007228
7103,0,5,rician,none,42007229
7104,0,5,rician,none,42007230
7105,0,5,rician,none,42007231
7106,0,5,rician,none,42007232
7107,0,5,rician,none,42007233
7108,0,5,rician,none,42007234
7109,0,5,rician,none,42007235
7110,0,5,rician,none,42007236
7111,0,5,rician,none,42007237
7112,0,5,rician,none,42007238
7113,0,5,rician,none,42007239
7114,0,5,rician,none,42007240
7115,0,5,rician,none,42007241
7116,0,5,rician,none,42007242
7117,0,5,rician,none,42007243
7118,0,5,rician,none,42007244
7119,0,5,rician,none,42007245
7120,0,5,rician,none,42007246
7121,0,5,rician,none,42007247
7122,0,5,rician,none,42007248
7123,0,5,rician,none,42007249
7124,0,5,rician,none,42007250
7125,0,5,rician,none,42007251
7126,0,5,rician,none,42007252
7127,0,5,rician,none,42007253
7128,0,5,rician,none,42007254
7129,0,5,rician,none,42007255
7130,0,5,rician,none,42007256
7131,0,5,rician,none,42007257
7132,0,5,rician,none,42007258
7133,0,5,rician,none,42007259
7134,0,5,rician,none,42007260
7135,0,5,rician,none,42007261
7136,0,5,rician,none,42007262
7137,0,5,rician,none,42007263
7138,0,5,rician,none,42007264
7139,0,5,rician,none,42007265
7140,0,5,rician,none,42007266
7141,0,5,rician,none,42007267
7142,0,5,rician,none,42007268
7143,0,5,rician,none,42007269
7144,0,5,rician,none,42007270
7145,0,5,rician,none,42007271
7146,0,5,rician,none,42007272
7147,0,5,rician,none,42007273
7148,0,5,rician,none,42007274
7149,0,5,rician,none,42007275
7150,0,5,rician,none,42007276
7151,0,5,rician,none,42007277
7152,0,5,rician,none,42007278
7153,0,5,rician,none,42007279
7154,0,5,rician,none,42007280
7155,0,5,rician,none,42007281
7156,0,5,rician,none,42007282
7157,0,5,rician,none,42007283
7158,0,5,rician,none,42007284
7159,0,5,rician,none,42007285
7160,0,5,rician,none,42007286
7161,0,5,rician,none,42007287
7162,0,5,rician,none,42007288
7163,0,5,rician,none,42007289
7164,0,5,rician,none,42007290
7165,0,5,rician,none,42007291
7166,0,5,rician,none,42007292
7167,0,5,rician,none,42007293
7168,0,5,rician,none,42007294
7169,0,5,rician,none,42007295
7170,0,5,rician,none,42007296
7171,0,5,rician,none,42007297
7172,0,5,rician,none,42007298
7173,0,5,rician,none,42007299
7174,0,5,rician,none,42007300
7175,0,5,rician,none,42007301
7176,0,5,rician,none,42007302
7177,0,5,rician,none,42007303
7178,0,5,rician,none,42007304
7179,0,5,rician,none,42007305
7180,0,5,rician,none,42007306
7181,0,5,rician,none,42007307
7182,0,5,rician,none,42007308
7183,0,5,rician,none,42007309
7184,0,5,rician,none,42007310
7185,0,5,rician,none,42007311
7186,0,5,rician,none,42007312
7187,0,5,rician,none,42007313
7188,0,5,rician,none,42007314
7189,0,5,rician,none,42007315
7190,0,5,rician,none,42007316
7191,0,5,rician,none,42007317
7192,0,5,rician,none,42007318
7193,0,5,rician,none,42007319
7194,0,5,rician,none,42007320
7195,0,5,rician,none,42007321
7196,0,5,rician,none,42007322
7197,0,5,rician,none,42007323
7198,0,5,rician,none,42007324
7199,0,5,rician,none,42007325
7200,1,10,awgn,16qam,42007326
7201,1,10,awgn,16qam,42007327
7202,1,10,awgn,qpsk,42007328
7203,1,10,awgn,bpsk,42007329
7204,1,10,awgn,qpsk,42007330
7205,1,10,awgn,16qam,42007331
7206,1,10,awgn,bpsk,42007332
7207,1,10,awgn,16qam,42007333
7208,1,10,awgn,qpsk,42007334
7209,1,10,awgn,qpsk,42007335
7210,1,10,awgn,qpsk,42007336
7211,1,10,awgn,bpsk,42007337
7212,1,10,awgn,16qam,42007338
7213,1,10,awgn,bpsk,42007339
7214,1,10,awgn,qpsk,42007340
7215,1,10,awgn,qpsk,42007341
7216,1,10,awgn,qpsk,42007342
7217,1,10,awgn,bpsk,42007343
7218,1,10,awgn,bpsk,42007344
7219,1,10,awgn,16qam,42007345
7220,1,10,awgn,bpsk,42007346
7221,1,10,awgn,bpsk,42007347
7222,1,10,awgn,bpsk,42007348
7223,1,10,awgn,qpsk,42007349
7224,1,10,awgn,16qam,42007350
7225,1,10,awgn,qpsk,42007351
7226,1,10,awgn,16qam,42007352
7227,1,10,awgn,qpsk,42007353
7228,1,10,awgn,16qam,42007354
7229,1,10,awgn,bpsk,42007355
7230,1,10,awgn,bpsk,42007356
7231,1,10,awgn,qpsk,42007357
7232,1,10,awgn,bpsk,42007358
7233,1,10,awgn,qpsk,42007359
7234,1,10,awgn,qpsk,42007360
7235,1,10,awgn,qpsk,42007361
7236,1,10,awgn,16qam,42007362
7237,1,10,awgn,qpsk,42007363
7238,1,10,awgn,qpsk,42007364
7239,1,10,awgn,bpsk,42007365
7240,1,10,awgn,bpsk,42007366
7241,1,10,awgn,16qam,42007367
7242,1,10,awgn,16qam,42007368
7243,1,10,awgn,16qam,42007369
7244,1,10,awgn,qpsk,42007370
7245,1,10,awgn,16qam,42007371
7246,1,10,awgn,bpsk,42007372
7247,1,10,awgn,bpsk,42007373
7248,1,10,awgn,16qam,42007374
7249,1,10,awgn,bpsk,42007375
7250,1,10,awgn,16qam,42007376
7251,1,10,awgn,bpsk,42007377
7252,1,10,awgn,qpsk,42007378
7253,1,10,awgn,16qam,42007379
7254,1,10,awgn,bpsk,42007380
7255,1,10,awgn,16qam,42007381
7256,1,10,awgn,qpsk,42007382
7257,1,10,awgn,16qam,42007383
7258,1,10,awgn,bpsk,42007384
7259,1,10,awgn,qpsk,42007385
7260,1,10,awgn,qpsk,42007386
7261,1,10,awgn,16qam,42007387
7262,1,10,awgn,bpsk,42007388
7263,1,10,awgn,qpsk,42007389
7264,1,10,awgn,qpsk,42007390
7265,1,10,awgn,qpsk,42007391
7266,1,10,awgn,16qam,42007392
7267,1,10,awgn,qpsk,42007393
7268,1,10,awgn,qpsk,42007394
7269,1,10,awgn,bpsk,42007395
7270,1,10,awgn,qpsk,42007396
7271,1,10,awgn,bpsk,42007397
7272,1,10,awgn,16qam,42007398
7273,1,10,awgn,16qam,42007399
7274,1,10,awgn,16qam,42007400
7275,1,10,awgn,qpsk,42007401
7276,1,10,awgn,qpsk,42007402
7277,1,10,awgn,bpsk,42007403
7278,1,10,awgn,qpsk,42007404
7279,1,10,awgn,bpsk,42007405
7280,1,10,awgn,bpsk,42007406
7281,1,10,awgn,qpsk,42007407
7282,1,10,awgn,qpsk,42007408
7283,1,10,awgn,16qam,42007409
7284,1,10,awgn,qpsk,42007410
7285,1,10,awgn,qpsk,42007411
7286,1,10,awgn,bpsk,42007412
7287,1,10,awgn,16qam,42007413
7288,1,10,awgn,16qam,42007414
7289,1,10,awgn,qpsk,42007415
7290,1,10,awgn,qpsk,42007416
7291,1,10,awgn,16qam,42007417
7292,1,10,awgn,bpsk,42007418
7293,1,10,awgn,qpsk,42007419
7294,1,10,awgn,bpsk,42007420
7295,1,10,awgn,qpsk,42007421
7296,1,10,awgn,bpsk,42007422
7297,1,10,awgn,qpsk,42007423
7298,1,10,awgn,16qam,42007424
7299,1,10,awgn,bpsk,42007425
7300,1,10,awgn,qpsk,42007426
7301,1,10,awgn,qpsk,42007427
7302,1,10,awgn,qpsk,42007428
7303,1,10,awgn,qpsk,42007429
7304,1,10,awgn,16qam,42007430
7305,1,10,awgn,qpsk,42007431
7306,1,10,awgn,16qam,42007432
7307,1,10,awgn,qpsk,42007433
7308,1,10,awgn,16qam,42007434
7309,1,10,awgn,16qam,42007435
7310,1,10,awgn,16qam,42007436
7311,1,10,awgn,bpsk,42007437
7312,1,10,awgn,qpsk,42007438
7313,1,10,awgn,bpsk,42007439
7314,1,10,awgn,16qam,42007440
7315,1,10,awgn,qpsk,42007441
7316,1,10,awgn,16qam,42007442
7317,1,10,awgn,qpsk,42007443
7318,1,10,awgn,qpsk,42007444
7319,1,10,awgn,bpsk,42007445
7320,1,10,awgn,qpsk,42007446
7321,1,10,awgn,16qam,42007447
7322,1,10,awgn,qpsk,42007448
7323,1,10,awgn,qpsk,42007449
7324,1,10,awgn,16qam,42007450
7325,1,10,awgn,16qam,42007451
7326,1,10,awgn,qpsk,42007452
7327,1,10,awgn,bpsk,42007453
7328,1,10,awgn,bpsk,42007454
7329,1,10,awgn,bpsk,42007455
7330,1,10,awgn,16qam,42007456
7331,1,10,awgn,16qam,42007457
7332,1,10,awgn,qpsk,42007458
7333,1,10,awgn,bpsk,42007459
7334,1,10,awgn,bpsk,42007460
7335,1,10,awgn,bpsk,42007461
7336,1,10,awgn,bpsk,42007462
7337,1,10,awgn,bpsk,42007463
7338,1,10,awgn,16qam,42007464
7339,1,10,awgn,16qam,42007465
7340,1,10,awgn,qpsk,42007466
7341,1,10,awgn,bpsk,42007467
7342,1,10,awgn,16qam,42007468
7343,1,10,awgn,qpsk,42007469
7344,1,10,awgn,qpsk,42007470
7345,1,10,awgn,bpsk,42007471
7346,1,10,awgn,bpsk,42007472
7347,1,10,awgn,16qam,42007473
7348,1,10,awgn,qpsk,42007474
7349,1,10,awgn,bpsk,42007475
7350,1,10,awgn,bpsk,42007476
7351,1,10,awgn,qpsk,42007477
7352,1,10,awgn,qpsk,42007478
7353,1,10,awgn,qpsk,42007479
7354,1,10,awgn,bpsk,42007480
7355,1,10,awgn,qpsk,42007481
7356,1,10,awgn,16qam,42007482
7357,1,10,awgn,bpsk,42007483
7358,1,10,awgn,16qam,42007484
7359,1,10,awgn,bpsk,42007485
7360,1,10,awgn,bpsk,42007486
7361,1,10,awgn,qpsk,42007487
7362,1,10,awgn,qpsk,42007488
7363,1,10,awgn,bpsk,42007489
7364,1,10,awgn,bpsk,42007490
7365,1,10,awgn,16qam,42007491
7366,1,10,awgn,qpsk,42007492
7367,1,10,awgn,bpsk,42007493
7368,1,10,awgn,16qam,42007494
7369,1,10,awgn,16qam,42007495
7370,1,10,awgn,qpsk,42007496
7371,1,10,awgn,16qam,42007497
7372,1,10,awgn,16qam,42007498
7373,1,10,awgn,bpsk,42007499
7374,1,10,awgn,qpsk,42007500
7375,1,10,awgn,bpsk,42007501
7376,1,10,awgn,16qam,42007502
7377,1,10,awgn,qpsk,42007503
7378,1,10,awgn,16qam,42007504
7379,1,10,awgn,16qam,42007505
7380,1,10,awgn,qpsk,42007506
7381,1,10,awgn,bpsk,42007507
7382,1,10,awgn,16qam,42007508
7383,1,10,awgn,qpsk,42007509
7384,1,10,awgn,16qam,42007510
7385,1,10,awgn,16qam,42007511
7386,1,10,awgn,qpsk,42007512
7387,1,10,awgn,16qam,42007513
7388,1,10,awgn,qpsk,42007514
7389,1,10,awgn,16qam,42007515
7390,1,10,awgn,qpsk,42007516
7391,1,10,awgn,16qam,42007517
7392,1,10,awgn,16qam,42007518
7393,1,10,awgn,qpsk,42007519
7394,1,10,awgn,qpsk,42007520
7395,1,10,awgn,bpsk,42007521
7396,1,10,awgn,qpsk,42007522
7397,1,10,awgn,bpsk,42007523
7398,1,10,awgn,qpsk,42007524
7399,1,10,awgn,16qam,42007525
7400,0,10,awgn,none,42007526
7401,0,10,awgn,none,42007527
7402,0,10,awgn,none,42007528
7403,0,10,awgn,none,42007529
7404,0,10,awgn,none,42007530
7405,0,10,awgn,none,42007531
7406,0,10,awgn,none,42007532
7407,0,10,awgn,none,42007533
7408,0,10,awgn,none,42007534
7409,0,10,awgn,none,42007535
7410,0,10,awgn,none,42007536
7411,0,10,awgn,none,42007537
7412,0,10,awgn,none,42007538
7413,0,10,awgn,none,42007539
7414,0,10,awgn,none,42007540
7415,0,10,awgn,none,42007541
7416,0,10,awgn,none,42007542
7417,0,10,awgn,none,42007543
7418,0,10,awgn,none,42007544
7419,0,10,awgn,none,42007545
7420,0,10,awgn,none,42007546
7421,0,10,awgn,none,42007547
7422,0,10,awgn,none,42007548
7423,0,10,awgn,none,42007549
7424,0,10,awgn,none,42007550
7425,0,10,awgn,none,42007551
7426,0,10,awgn,none,42007552
7427,0,10,awgn,none,42007553
7428,0,10,awgn,none,42007554
7429,0,10,awgn,none,42007555
7430,0,10,awgn,none,42007556
7431,0,10,awgn,none,42007557
7432,0,10,awgn,none,42007558
7433,0,10,awgn,none,42007559
7434,0,10,awgn,none,42007560
7435,0,10,awgn,none,42007561
7436,0,10,awgn,none,42007562
7437,0,10,awgn,none,42007563
7438,0,10,awgn,none,42007564
7439,0,10,awgn,none,42007565
7440,0,10,awgn,none,42007566
7441,0,10,awgn,none,42007567
7442,0,10,awgn,none,42007568
7443,0,10,awgn,none,42007569
7444,0,10,awgn,none,42007570
7445,0,10,awgn,none,42007571
7446,0,10,awgn,none,42007572
7447,0,10,awgn,none,42007573
7448,0,10,awgn,none,42007574
7449,0,10,awgn,none,42007575
7450,0,10,awgn,none,42007576
7451,0,10,awgn,none,42007577
7452,0,10,awgn,none,42007578
7453,0,10,awgn,none,42007579
7454,0,10,awgn,none,42007580
7455,0,10,awgn,none,42007581
7456,0,10,awgn,none,42007582
7457,0,10,awgn,none,42007583
7458,0,10,awgn,none,42007584
7459,0,10,awgn,none,42007585
7460,0,10,awgn,none,42007586
7461,0,10,awgn,none,42007587
7462,0,10,awgn,none,42007588
7463,0,10,awgn,none,42007589
7464,0,10,awgn,none,42007590
7465,0,10,awgn,none,42007591
7466,0,10,awgn,none,42007592
7467,0,10,awgn,none,42007593
7468,0,10,awgn,none,42007594
7469,0,10,awgn,none,42007595
7470,0,10,awgn,none,42007596
7471,0,10,awgn,none,42007597
7472,0,10,awgn,none,42007598
7473,0,10,awgn,none,42007599
7474,0,10,awgn,none,42007600
7475,0,10,awgn,none,42007601
7476,0,10,awgn,none,42007602
7477,0,10,awgn,none,42007603
7478,0,10,awgn,none,42007604
7479,0,10,awgn,none,42007605
7480,0,10,awgn,none,42007606
7481,0,10,awgn,none,42007607
7482,0,10,awgn,none,42007608
7483,0,10,awgn,none,42007609
7484,0,10,awgn,none,42007610
7485,0,10,awgn,none,42007611
7486,0,10,awgn,none,42007612
7487,0,10,awgn,none,42007613
7488,0,10,awgn,none,42007614
7489,0,10,awgn,none,42007615
7490,0,10,awgn,none,42007616
7491,0,10,awgn,none,42007617
7492,0,10,awgn,none,42007618
7493,0,10,awgn,none,42007619
7494,0,10,awgn,none,42007620
7495,0,10,awgn,none,42007621
7496,0,10,awgn,none,42007622
7497,0,10,awgn,none,42007623
7498,0,10,awgn,none,42007624
7499,0,10,awgn,none,42007625
7500,0,10,awgn,none,42007626
7501,0,10,awgn,none,42007627
7502,0,10,awgn,none,42007628
7503,0,10,awgn,none,42007629
7504,0,10,awgn,none,42007630
7505,0,10,awgn,none,42007631
7506,0,10,awgn,none,42007632
7507,0,10,awgn,none,42007633
7508,0,10,awgn,none,42007634
7509,0,10,awgn,none,42007635
7510,0,10,awgn,none,42007636
7511,0,10,awgn,none,42007637
7512,0,10,awgn,none,42007638
7513,0,10,awgn,none,42007639
7514,0,10,awgn,none,42007640
7515,0,10,awgn,none,42007641
7516,0,10,awgn,none,42007642
7517,0,10,awgn,none,42007643
7518,0,10,awgn,none,42007644
7519,0,10,awgn,none,42007645
7520,0,10,awgn,none,42007646
7521,0,10,awgn,none,42007647
7522,0,10,awgn,none,42007648
7523,0,10,awgn,none,42007649
7524,0,10,awgn,none,42007650
7525,0,10,awgn,none,42007651
7526,0,10,awgn,none,42007652
7527,0,10,awgn,none,42007653
7528,0,10,awgn,none,42007654
7529,0,10,awgn,none,42007655
7530,0,10,awgn,none,42007656
7531,0,10,awgn,none,42007657
7532,0,10,awgn,none,42007658
7533,0,10,awgn,none,42007659
7534,0,10,awgn,none,42007660
7535,0,10,awgn,none,42007661
7536,0,10,awgn,none,42007662
7537,0,10,awgn,none,42007663
7538,0,10,awgn,none,42007664
7539,0,10,awgn,none,42007665
7540,0,10,awgn,none,42007666
7541,0,10,awgn,none,42007667
7542,0,10,awgn,none,42007668
7543,0,10,awgn,none,42007669
7544,0,10,awgn,none,42007670
7545,0,10,awgn,none,42007671
7546,0,10,awgn,none,42007672
7547,0,10,awgn,none,42007673
7548,0,10,awgn,none,42007674
7549,0,10,awgn,none,42007675
7550,0,10,awgn,none,42007676
7551,0,10,awgn,none,42007677
7552,0,10,awgn,none,42007678
7553,0,10,awgn,none,42007679
7554,0,10,awgn,none,42007680
7555,0,10,awgn,none,42007681
7556,0,10,awgn,none,42007682
7557,0,10,awgn,none,42007683
7558,0,10,awgn,none,42007684
7559,0,10,awgn,none,42007685
7560,0,10,awgn,none,42007686
7561,0,10,awgn,none,42007687
7562,0,10,awgn,none,42007688
7563,0,10,awgn,none,42007689
7564,0,10,awgn,none,42007690
7565,0,10,awgn,none,42007691
7566,0,10,awgn,none,42007692
7567,0,10,awgn,none,42007693
7568,0,10,awgn,none,42007694
7569,0,10,awgn,none,42007695
7570,0,10,awgn,none,42007696
7571,0,10,awgn,none,42007697
7572,0,10,awgn,none,42007698
7573,0,10,awgn,none,42007699
7574,0,10,awgn,none,42007700
7575,0,10,awgn,none,42007701
7576,0,10,awgn,none,42007702
7577,0,10,awgn,none,42007703
7578,0,10,awgn,none,42007704
7579,0,10,awgn,none,42007705
7580,0,10,awgn,none,42007706
7581,0,10,awgn,none,42007707
7582,0,10,awgn,none,42007708
7583,0,10,awgn,none,42007709
7584,0,10,awgn,none,42007710
7585,0,10,awgn,none,42007711
7586,0,10,awgn,none,42007712
7587,0,10,awgn,none,42007713
7588,0,10,awgn,none,42007714
7589,0,10,awgn,none,42007715
7590,0,10,awgn,none,42007716
7591,0,10,awgn,none,42007717
7592,0,10,awgn,none,42007718
7593,0,10,awgn,none,42007719
7594,0,10,awgn,none,42007720
7595,0,10,awgn,none,42007721
7596,0,10,awgn,none,42007722
7597,0,10,awgn,none,42007723
7598,0,10,awgn,none,42007724
7599,0,10,awgn,none,42007725
7600,1,10,rayleigh,16qam,42007726
7601,1,10,rayleigh,qpsk,42007727
7602,1,10,rayleigh,qpsk,42007728
7603,1,10,rayleigh,qpsk,42007729
7604,1,10,rayleigh,16qam,42007730
7605,1,10,rayleigh,16qam,42007731
7606,1,10,rayleigh,qpsk,42007732
7607,1,10,rayleigh,qpsk,42007733
7608,1,10,rayleigh,qpsk,42007734
7609,1,10,rayleigh,bpsk,42007735
7610,1,10,rayleigh,16qam,42007736
7611,1,10,rayleigh,qpsk,42007737
7612,1,10,rayleigh,qpsk,42007738
7613,1,10,rayleigh,qpsk,42007739
7614,1,10,rayleigh,bpsk,42007740
7615,1,10,rayleigh,qpsk,42007741
7616,1,10,rayleigh,16qam,42007742
7617,1,10,rayleigh,16qam,42007743
7618,1,10,rayleigh,qpsk,42007744
7619,1,10,rayleigh,16qam,42007745
7620,1,10,rayleigh,qpsk,42007746
7621,1,10,rayleigh,16qam,42007747
7622,1,10,rayleigh,bpsk,42007748
7623,1,10,rayleigh,16qam,42007749
7624,1,10,rayleigh,16qam,42007750
7625,1,10,rayleigh,qpsk,42007751
7626,1,10,rayleigh,16qam,42007752
7627,1,10,rayleigh,qpsk,42007753
7628,1,10,rayleigh,qpsk,42007754
7629,1,10,rayleigh,16qam,42007755
7630,1,10,rayleigh,bpsk,42007756
7631,1,10,rayleigh,qpsk,42007757
7632,1,10,rayleigh,bpsk,42007758
7633,1,10,rayleigh,qpsk,42007759
7634,1,10,rayleigh,bpsk,42007760
7635,1,10,rayleigh,bpsk,42007761
7636,1,10,rayleigh,bpsk,42007762
7637,1,10,rayleigh,bpsk,42007763
7638,1,10,rayleigh,qpsk,42007764
7639,1,10,rayleigh,bpsk,42007765
7640,1,10,rayleigh,qpsk,42007766
7641,1,10,rayleigh,bpsk,42007767
7642,1,10,rayleigh,16qam,42007768
7643,1,10,rayleigh,qpsk,42007769
7644,1,10,rayleigh,bpsk,42007770
7645,1,10,rayleigh,bpsk,42007771
7646,1,10,rayleigh,16qam,42007772
7647,1,10,rayleigh,16qam,42007773
7648,1,10,rayleigh,16qam,42007774
7649,1,10,rayleigh,bpsk,42007775
7650,1,10,rayleigh,qpsk,42007776
7651,1,10,rayleigh,16qam,42007777
7652,1,10,rayleigh,qpsk,42007778
7653,1,10,rayleigh,qpsk,42007779
7654,1,10,rayleigh,bpsk,42007780
7655,1,10,rayleigh,16qam,42007781
7656,1,10,rayleigh,bpsk,42007782
7657,1,10,rayleigh,16qam,42007783
7658,1,10,rayleigh,16qam,42007784
7659,1,10,rayleigh,qpsk,42007785
7660,1,10,rayleigh,qpsk,42007786
7661,1,10,rayleigh,bpsk,42007787
7662,1,10,rayleigh,bpsk,42007788
7663,1,10,rayleigh,16qam,42007789
7664,1,10,rayleigh,bpsk,42007790
7665,1,10,rayleigh,bpsk,42007791
7666,1,10,rayleigh,16qam,42007792
7667,1,10,rayleigh,bpsk,42007793
7668,1,10,rayleigh,bpsk,42007794
7669,1,10,rayleigh,16qam,42007795
7670,1,10,rayleigh,16qam,42007796
7671,1,10,rayleigh,16qam,42007797
7672,1,10,rayleigh,16qam,42007798
7673,1,10,rayleigh,16qam,42007799
7674,1,10,rayleigh,16qam,42007800
7675,1,10,rayleigh,qpsk,42007801
7676,1,10,rayleigh,16qam,42007802
7677,1,10,rayleigh,bpsk,42007803
7678,1,10,rayleigh,qpsk,42007804
7679,1,10,rayleigh,qpsk,42007805
7680,1,10,rayleigh,16qam,42007806
7681,1,10,rayleigh,16qam,42007807
7682,1,10,rayleigh,16qam,42007808
7683,1,10,rayleigh,qpsk,42007809
7684,1,10,rayleigh,qpsk,42007810
7685,1,10,rayleigh,qpsk,42007811
7686,1,10,rayleigh,qpsk,42007812
7687,1,10,rayleigh,qpsk,42007813
7688,1,10,rayleigh,bpsk,42007814
7689,1,10,rayleigh,qpsk,42007815
7690,1,10,rayleigh,qpsk,42007816
7691,1,10,rayleigh,qpsk,42007817
7692,1,10,rayleigh,qpsk,42007818
7693,1,10,rayleigh,qpsk,42007819
7694,1,10,rayleigh,qpsk,42007820
7695,1,10,rayleigh,16qam,42007821
7696,1,10,rayleigh,qpsk,42007822
7697,1,10,rayleigh,16qam,42007823
7698,1,10,rayleigh,bpsk,42007824
7699,1,10,rayleigh,bpsk,42007825
7700,1,10,rayleigh,bpsk,42007826
7701,1,10,rayleigh,qpsk,42007827
7702,1,10,rayleigh,16qam,42007828
7703,1,10,rayleigh,16qam,42007829
7704,1,10,rayleigh,bpsk,42007830
7705,1,10,rayleigh,bpsk,42007831
7706,1,10,rayleigh,qpsk,42007832
7707,1,10,rayleigh,bpsk,42007833
7708,1,10,rayleigh,16qam,42007834
7709,1,10,rayleigh,bpsk,42007835
7710,1,10,rayleigh,qpsk,42007836
7711,1,10,rayleigh,bpsk,42007837
7712,1,10,rayleigh,bpsk,42007838
7713,1,10,rayleigh,qpsk,42007839
7714,1,10,rayleigh,bpsk,42007840
7715,1,10,rayleigh,bpsk,42007841
7716,1,10,rayleigh,16qam,42007842
7717,1,10,rayleigh,16qam,42007843
7718,1,10,rayleigh,bpsk,42007844
7719,1,10,rayleigh,qpsk,42007845
7720,1,10,rayleigh,bpsk,42007846
7721,1,10,rayleigh,bpsk,42007847
7722,1,10,rayleigh,16qam,42007848
7723,1,10,rayleigh,bpsk,42007849
7724,1,10,rayleigh,bpsk,42007850
7725,1,10,rayleigh,16qam,42007851
7726,1,10,rayleigh,qpsk,42007852
7727,1,10,rayleigh,qpsk,42007853
7728,1,10,rayleigh,bpsk,42007854
7729,1,10,rayleigh,qpsk,42007855
7730,1,10,rayleigh,qpsk,42007856
7731,1,10,rayleigh,bpsk,42007857
7732,1,10,rayleigh,16qam,42007858
7733,1,10,rayleigh,qpsk,42007859
7734,1,10,rayleigh,bpsk,42007860
7735,1,10,rayleigh,qpsk,42007861
7736,1,10,rayleigh,16qam,42007862
7737,1,10,rayleigh,qpsk,42007863
7738,1,10,rayleigh,16qam,42007864
7739,1,10,rayleigh,bpsk,42007865
7740,1,10,rayleigh,16qam,42007866
7741,1,10,rayleigh,16qam,42007867
7742,1,10,rayleigh,bpsk,42007868
7743,1,10,rayleigh,qpsk,42007869
7744,1,10,rayleigh,qpsk,42007870
7745,1,10,rayleigh,bpsk,42007871
7746,1,10,rayleigh,qpsk,42007872
7747,1,10,rayleigh,16qam,42007873
7748,1,10,rayleigh,bpsk,42007874
7749,1,10,rayleigh,qpsk,42007875
7750,1,10,rayleigh,16qam,42007876
7751,1,10,rayleigh,16qam,42007877
7752,1,10,rayleigh,16qam,42007878
7753,1,10,rayleigh,bpsk,42007879
7754,1,10,rayleigh,bpsk,42007880
7755,1,10,rayleigh,qpsk,42007881
7756,1,10,rayleigh,bpsk,42007882
7757,1,10,rayleigh,16qam,42007883
7758,1,10,rayleigh,bpsk,42007884
7759,1,10,rayleigh,16qam,42007885
7760,1,10,rayleigh,qpsk,42007886
7761,1,10,rayleigh,bpsk,42007887
7762,1,10,rayleigh,bpsk,42007888
7763,1,10,rayleigh,16qam,42007889
7764,1,10,rayleigh,bpsk,42007890
7765,1,10,rayleigh,bpsk,42007891
7766,1,10,rayleigh,16qam,42007892
7767,1,10,rayleigh,qpsk,42007893
7768,1,10,rayleigh,16qam,42007894
7769,1,10,rayleigh,16qam,42007895
7770,1,10,rayleigh,qpsk,42007896
7771,1,10,rayleigh,qpsk,42007897
7772,1,10,rayleigh,16qam,42007898
7773,1,10,rayleigh,qpsk,42007899
7774,1,10,rayleigh,16qam,42007900
7775,1,10,rayleigh,16qam,42007901
7776,1,10,rayleigh,16qam,42007902
7777,1,10,rayleigh,16qam,42007903
7778,1,10,rayleigh,qpsk,42007904
7779,1,10,rayleigh,16qam,42007905
7780,1,10,rayleigh,bpsk,42007906
7781,1,10,rayleigh,bpsk,42007907
7782,1,10,rayleigh,16qam,42007908
7783,1,10,rayleigh,qpsk,42007909
7784,1,10,rayleigh,16qam,42007910
7785,1,10,rayleigh,qpsk,42007911
7786,1,10,rayleigh,bpsk,42007912
7787,1,10,rayleigh,qpsk,42007913
7788,1,10,rayleigh,bpsk,42007914
7789,1,10,rayleigh,bpsk,42007915
7790,1,10,rayleigh,qpsk,42007916
7791,1,10,rayleigh,qpsk,42007917
7792,1,10,rayleigh,bpsk,42007918
7793,1,10,rayleigh,qpsk,42007919
7794,1,10,rayleigh,bpsk,42007920
7795,1,10,rayleigh,bpsk,42007921
7796,1,10,rayleigh,bpsk,42007922
7797,1,10,rayleigh,bpsk,42007923
7798,1,10,rayleigh,qpsk,42007924
7799,1,10,rayleigh,bpsk,42007925
7800,0,10,rayleigh,none,42007926
7801,0,10,rayleigh,none,42007927
7802,0,10,rayleigh,none,42007928
7803,0,10,rayleigh,none,42007929
7804,0,10,rayleigh,none,42007930
7805,0,10,rayleigh,none,42007931
7806,0,10,rayleigh,none,42007932
7807,0,10,rayleigh,none,42007933
7808,0,10,rayleigh,none,42007934
7809,0,10,rayleigh,none,42007935
7810,0,10,rayleigh,none,42007936
7811,0,10,rayleigh,none,42007937
7812,0,10,rayleigh,none,42007938
7813,0,10,rayleigh,none,42007939
7814,0,10,rayleigh,none,42007940
7815,0,10,rayleigh,none,42007941
7816,0,10,rayleigh,none,42007942
7817,0,10,rayleigh,none,42007943
7818,0,10,rayleigh,none,42007944
7819,0,10,rayleigh,none,42007945
7820,0,10,rayleigh,none,42007946
7821,0,10,rayleigh,none,42007947
7822,0,10,rayleigh,none,42007948
7823,0,10,rayleigh,none,42007949
7824,0,10,rayleigh,none,42007950
7825,0,10,rayleigh,none,42007951
7826,0,10,rayleigh,none,42007952
7827,0,10,rayleigh,none,42007953
7828,0,10,rayleigh,none,42007954
7829,0,10,rayleigh,none,42007955
7830,0,10,rayleigh,none,42007956
7831,0,10,rayleigh,none,42007957
7832,0,10,rayleigh,none,42007958
7833,0,10,rayleigh,none,42007959
7834,0,10,rayleigh,none,42007960
7835,0,10,rayleigh,none,42007961
7836,0,10,rayleigh,none,42007962
7837,0,10,rayleigh,none,42007963
7838,0,10,rayleigh,none,42007964
7839,0,10,rayleigh,none,42007965
7840,0,10,rayleigh,none,42007966
7841,0,10,rayleigh,none,42007967
7842,0,10,rayleigh,none,42007968
7843,0,10,rayleigh,none,42007969
7844,0,10,rayleigh,none,42007970
7845,0,10,rayleigh,none,42007971
7846,0,10,rayleigh,none,42007972
7847,0,10,rayleigh,none,42007973
7848,0,10,rayleigh,none,42007974
7849,0,10,rayleigh,none,42007975
7850,0,10,rayleigh,none,42007976
7851,0,10,rayleigh,none,42007977
7852,0,10,rayleigh,none,42007978
7853,0,10,rayleigh,none,42007979
7854,0,10,rayleigh,none,42007980
7855,0,10,rayleigh,none,42007981
7856,0,10,rayleigh,none,42007982
7857,0,10,rayleigh,none,42007983
7858,0,10,rayleigh,none,42007984
7859,0,10,rayleigh,none,42007985
7860,0,10,rayleigh,none,42007986
7861,0,10,rayleigh,none,42007987
7862,0,10,rayleigh,none,42007988
7863,0,10,rayleigh,none,42007989
7864,0,10,rayleigh,none,42007990
7865,0,10,rayleigh,none,42007991
7866,0,10,rayleigh,none,42007992
7867,0,10,rayleigh,none,42007993
7868,0,10,rayleigh,none,42007994
7869,0,10,rayleigh,none,42007995
7870,0,10,rayleigh,none,42007996
7871,0,10,rayleigh,none,42007997
7872,0,10,rayleigh,none,42007998
7873,0,10,rayleigh,none,42007999
7874,0,10,rayleigh,none,42008000
7875,0,10,rayleigh,none,42008001
7876,0,10,rayleigh,none,42008002
7877,0,10,rayleigh,none,42008003
7878,0,10,rayleigh,none,42008004
7879,0,10,rayleigh,none,42008005
7880,0,10,rayleigh,none,42008006
7881,0,10,rayleigh,none,42008007
7882,0,10,rayleigh,none,42008008
7883,0,10,rayleigh,none,42008009
7884,0,10,rayleigh,none,42008010
7885,0,10,rayleigh,none,42008011
7886,0,10,rayleigh,none,42008012
7887,0,10,rayleigh,none,42008013
7888,0,10,rayleigh,none,42008014
7889,0,10,rayleigh,none,42008015
7890,0,10,rayleigh,none,42008016
7891,0,10,rayleigh,none,42008017
7892,0,10,rayleigh,none,42008018
7893,0,10,rayleigh,none,42008019
7894,0,10,rayleigh,none,42008020
7895,0,10,rayleigh,none,42008021
7896,0,10,rayleigh,none,42008022
7897,0,10,rayleigh,none,42008023
7898,0,10,rayleigh,none,42008024
7899,0,10,rayleigh,none,42008025
7900,0,10,rayleigh,none,42008026
7901,0,10,rayleigh,none,42008027
7902,0,10,rayleigh,none,42008028
7903,0,10,rayleigh,none,42008029
7904,0,10,rayleigh,none,42008030
7905,0,10,rayleigh,none,42008031
7906,0,10,rayleigh,none,42008032
7907,0,10,rayleigh,none,42008033
7908,0,10,rayleigh,none,42008034
7909,0,10,rayleigh,none,42008035
7910,0,10,rayleigh,none,42008036
7911,0,10,rayleigh,none,42008037
7912,0,10,rayleigh,none,42008038
7913,0,10,rayleigh,none,42008039
7914,0,10,rayleigh,none,42008040
7915,0,10,rayleigh,none,42008041
7916,0,10,rayleigh,none,42008042
7917,0,10,rayleigh,none,42008043
7918,0,10,rayleigh,none,42008044
7919,0,10,rayleigh,none,42008045
7920,0,10,rayleigh,none,42008046
7921,0,10,rayleigh,none,42008047
7922,0,10,rayleigh,none,42008048
7923,0,10,rayleigh,none,42008049
7924,0,10,rayleigh,none,42008050
7925,0,10,rayleigh,none,42008051
7926,0,10,rayleigh,none,42008052
7927,0,10,rayleigh,none,42008053
7928,0,10,rayleigh,none,42008054
7929,0,10,rayleigh,none,42008055
7930,0,10,rayleigh,none,42008056
7931,0,10,rayleigh,none,42008057
7932,0,10,rayleigh,none,42008058
7933,0,10,rayleigh,none,42008059
7934,0,10,rayleigh,none,42008060
7935,0,10,rayleigh,none,42008061
7936,0,10,rayleigh,none,42008062
7937,0,10,rayleigh,none,42008063
7938,0,10,rayleigh,none,42008064
7939,0,10,rayleigh,none,42008065
7940,0,10,rayleigh,none,42008066
7941,0,10,rayleigh,none,42008067
7942,0,10,rayleigh,none,42008068
7943,0,10,rayleigh,none,42008069
7944,0,10,rayleigh,none,42008070
7945,0,10,rayleigh,none,42008071
7946,0,10,rayleigh,none,42008072
7947,0,10,rayleigh,none,42008073
7948,0,10,rayleigh,none,42008074
7949,0,10,rayleigh,none,42008075
7950,0,10,rayleigh,none,42008076
7951,0,10,rayleigh,none,42008077
7952,0,10,rayleigh,none,42008078
7953,0,10,rayleigh,none,42008079
7954,0,10,rayleigh,none,42008080
7955,0,10,rayleigh,none,42008081
7956,0,10,rayleigh,none,42008082
7957,0,10,rayleigh,none,42008083
7958,0,10,rayleigh,none,42008084
7959,0,10,rayleigh,none,42008085
7960,0,10,rayleigh,none,42008086
7961,0,10,rayleigh,none,42008087
7962,0,10,rayleigh,none,42008088
7963,0,10,rayleigh,none,42008089
7964,0,10,rayleigh,none,42008090
7965,0,10,rayleigh,none,42008091
7966,0,10,rayleigh,none,42008092
7967,0,10,rayleigh,none,42008093
7968,0,10,rayleigh,none,42008094
7969,0,10,rayleigh,none,42008095
7970,0,10,rayleigh,none,42008096
7971,0,10,rayleigh,none,42008097
7972,0,10,rayleigh,none,42008098
7973,0,10,rayleigh,none,42008099
7974,0,10,rayleigh,none,42008100
7975,0,10,rayleigh,none,42008101
7976,0,10,rayleigh,none,42008102
7977,0,10,rayleigh,none,42008103
7978,0,10,rayleigh,none,42008104
7979,0,10,rayleigh,none,42008105
7980,0,10,rayleigh,none,42008106
7981,0,10,rayleigh,none,42008107
7982,0,10,rayleigh,none,42008108
7983,0,10,rayleigh,none,42008109
7984,0,10,rayleigh,none,42008110
7985,0,10,rayleigh,none,42008111
7986,0,10,rayleigh,none,42008112
7987,0,10,rayleigh,none,42008113
7988,0,10,rayleigh,none,42008114
7989,0,10,rayleigh,none,42008115
7990,0,10,rayleigh,none,42008116
7991,0,10,rayleigh,none,42008117
7992,0,10,rayleigh,none,42008118
7993,0,10,rayleigh,none,42008119
7994,0,10,rayleigh,none,42008120
7995,0,10,rayleigh,none,42008121
7996,0,10,rayleigh,none,42008122
7997,0,10,rayleigh,none,42008123
7998,0,10,rayleigh,none,42008124
7999,0,10,rayleigh,none,42008125
8000,1,10,rician,bpsk,42008126
8001,1,10,rician,16qam,42008127
8002,1,10,rician,qpsk,42008128
8003,1,10,rician,16qam,42008129
8004,1,10,rician,bpsk,42008130
8005,1,10,rician,qpsk,42008131
8006,1,10,rician,16qam,42008132
8007,1,10,rician,bpsk,42008133
8008,1,10,rician,16qam,42008134
8009,1,10,rician,qpsk,42008135
8010,1,10,rician,bpsk,42008136
8011,1,10,rician,bpsk,42008137
8012,1,10,rician,bpsk,42008138
8013,1,10,rician,16qam,42008139
8014,1,10,rician,qpsk,42008140
8015,1,10,rician,qpsk,42008141
8016,1,10,rician,qpsk,42008142
8017,1,10,rician,bpsk,42008143
8018,1,10,rician,qpsk,42008144
8019,1,10,rician,bpsk,42008145
8020,1,10,rician,bpsk,42008146
8021,1,10,rician,qpsk,42008147
8022,1,10,rician,qpsk,42008148
8023,1,10,rician,bpsk,42008149
8024,1,10,rician,bpsk,42008150
8025,1,10,rician,qpsk,42008151
8026,1,10,rician,16qam,42008152
8027,1,10,rician,16qam,42008153
8028,1,10,rician,16qam,42008154
8029,1,10,rician,bpsk,42008155
8030,1,10,rician,bpsk,42008156
8031,1,10,rician,qpsk,42008157
8032,1,10,rician,16qam,42008158
8033,1,10,rician,bpsk,42008159
8034,1,10,rician,qpsk,42008160
8035,1,10,rician,bpsk,42008161
8036,1,10,rician,bpsk,42008162
8037,1,10,rician,16qam,42008163
8038,1,10,rician,qpsk,42008164
8039,1,10,rician,bpsk,42008165
8040,1,10,rician,16qam,42008166
8041,1,10,rician,bpsk,42008167
8042,1,10,rician,qpsk,42008168
8043,1,10,rician,bpsk,42008169
8044,1,10,rician,bpsk,42008170
8045,1,10,rician,16qam,42008171
8046,1,10,rician,16qam,42008172
8047,1,10,rician,bpsk,42008173
8048,1,10,rician,qpsk,42008174
8049,1,10,rician,16qam,42008175
8050,1,10,rician,bpsk,42008176
8051,1,10,rician,bpsk,42008177
8052,1,10,rician,16qam,42008178
8053,1,10,rician,bpsk,42008179
8054,1,10,rician,16qam,42008180
8055,1,10,rician,bpsk,42008181
8056,1,10,rician,16qam,42008182
8057,1,10,rician,16qam,42008183
8058,1,10,rician,qpsk,42008184
8059,1,10,rician,qpsk,42008185
8060,1,10,rician,qpsk,42008186
8061,1,10,rician,bpsk,42008187
8062,1,10,rician,16qam,42008188
8063,1,10,rician,16qam,42008189
8064,1,10,rician,qpsk,42008190
8065,1,10,rician,bpsk,42008191
8066,1,10,rician,bpsk,42008192
8067,1,10,rician,bpsk,42008193
8068,1,10,rician,qpsk,42008194
8069,1,10,rician,16qam,42008195
8070,1,10,rician,bpsk,42008196
8071,1,10,rician,bpsk,42008197
8072,1,10,rician,bpsk,42008198
8073,1,10,rician,bpsk,42008199
8074,1,10,rician,qpsk,42008200
8075,1,10,rician,bpsk,42008201
8076,1,10,rician,16qam,42008202
8077,1,10,rician,16qam,42008203
8078,1,10,rician,bpsk,42008204
8079,1,10,rician,16qam,42008205
8080,1,10,rician,16qam,42008206
8081,1,10,rician,16qam,42008207
8082,1,10,rician,bpsk,42008208
8083,1,10,rician,16qam,42008209
8084,1,10,rician,16qam,42008210
8085,1,10,rician,qpsk,42008211
8086,1,10,rician,bpsk,42008212
8087,1,10,rician,bpsk,42008213
8088,1,10,rician,bpsk,42008214
8089,1,10,rician,bpsk,42008215
8090,1,10,rician,16qam,42008216
8091,1,10,rician,qpsk,42008217
8092,1,10,rician,16qam,42008218
8093,1,10,rician,16qam,42008219
8094,1,10,rician,16qam,42008220
8095,1,10,rician,qpsk,42008221
8096,1,10,rician,bpsk,42008222
8097,1,10,rician,bpsk,42008223
8098,1,10,rician,16qam,42008224
8099,1,10,rician,bpsk,42008225
8100,1,10,rician,qpsk,42008226
8101,1,10,rician,bpsk,42008227
8102,1,10,rician,bpsk,42008228
8103,1,10,rician,16qam,42008229
8104,1,10,rician,16qam,42008230
8105,1,10,rician,qpsk,42008231
8106,1,10,rician,bpsk,42008232
8107,1,10,rician,16qam,42008233
8108,1,10,rician,16qam,42008234
8109,1,10,rician,qpsk,42008235
8110,1,10,rician,16qam,42008236
8111,1,10,rician,qpsk,42008237
8112,1,10,rician,bpsk,42008238
8113,1,10,rician,bpsk,42008239
8114,1,10,rician,bpsk,42008240
8115,1,10,rician,bpsk,42008241
8116,1,10,rician,qpsk,42008242
8117,1,10,rician,qpsk,42008243
8118,1,10,rician,bpsk,42008244
8119,1,10,rician,bpsk,42008245
8120,1,10,rician,16qam,42008246
8121,1,10,rician,bpsk,42008247
8122,1,10,rician,16qam,42008248
8123,1,10,rician,qpsk,42008249
8124,1,10,rician,16qam,42008250
8125,1,10,rician,qpsk,42008251
8126,1,10,rician,16qam,42008252
8127,1,10,rician,qpsk,42008253
8128,1,10,rician,qpsk,42008254
8129,1,10,rician,16qam,42008255
8130,1,10,rician,qpsk,42008256
8131,1,10,rician,qpsk,42008257
8132,1,10,rician,bpsk,42008258
8133,1,10,rician,bpsk,42008259
8134,1,10,rician,bpsk,42008260
8135,1,10,rician,qpsk,42008261
8136,1,10,rician,16qam,42008262
8137,1,10,rician,qpsk,42008263
8138,1,10,rician,qpsk,42008264
8139,1,10,rician,16qam,42008265
8140,1,10,rician,qpsk,42008266
8141,1,10,rician,qpsk,42008267
8142,1,10,rician,bpsk,42008268
8143,1,10,rician,qpsk,42008269
8144,1,10,rician,bpsk,42008270
8145,1,10,rician,qpsk,42008271
8146,1,10,rician,qpsk,42008272
8147,1,10,rician,qpsk,42008273
8148,1,10,rician,bpsk,42008274
8149,1,10,rician,qpsk,42008275
8150,1,10,rician,16qam,42008276
8151,1,10,rician,16qam,42008277
8152,1,10,rician,16qam,42008278
8153,1,10,rician,16qam,42008279
8154,1,10,rician,16qam,42008280
8155,1,10,rician,16qam,42008281
8156,1,10,rician,qpsk,42008282
8157,1,10,rician,bpsk,42008283
8158,1,10,rician,qpsk,42008284
8159,1,10,rician,bpsk,42008285
8160,1,10,rician,bpsk,42008286
8161,1,10,rician,16qam,42008287
8162,1,10,rician,16qam,42008288
8163,1,10,rician,bpsk,42008289
8164,1,10,rician,bpsk,42008290
8165,1,10,rician,bpsk,42008291
8166,1,10,rician,16qam,42008292
8167,1,10,rician,qpsk,42008293
8168,1,10,rician,16qam,42008294
8169,1,10,rician,qpsk,42008295
8170,1,10,rician,qpsk,42008296
8171,1,10,rician,16qam,42008297
8172,1,10,rician,qpsk,42008298
8173,1,10,rician,qpsk,42008299
8174,1,10,rician,bpsk,42008300
8175,1,10,rician,bpsk,42008301
8176,1,10,rician,bpsk,42008302
8177,1,10,rician,16qam,42008303
8178,1,10,rician,bpsk,42008304
8179,1,10,rician,16qam,42008305
8180,1,10,rician,16qam,42008306
8181,1,10,rician,bpsk,42008307
8182,1,10,rician,16qam,42008308
8183,1,10,rician,bpsk,42008309
8184,1,10,rician,qpsk,42008310
8185,1,10,rician,qpsk,42008311
8186,1,10,rician,qpsk,42008312
8187,1,10,rician,16qam,42008313
8188,1,10,rician,16qam,42008314
8189,1,10,rician,qpsk,42008315
8190,1,10,rician,16qam,42008316
8191,1,10,rician,qpsk,42008317
8192,1,10,rician,bpsk,42008318
8193,1,10,rician,bpsk,42008319
8194,1,10,rician,16qam,42008320
8195,1,10,rician,16qam,42008321
8196,1,10,rician,bpsk,42008322
8197,1,10,rician,qpsk,42008323
8198,1,10,rician,16qam,42008324
8199,1,10,rician,bpsk,42008325
8200,0,10,rician,none,42008326
8201,0,10,rician,none,42008327
8202,0,10,rician,none,42008328
8203,0,10,rician,none,42008329
8204,0,10,rician,none,42008330
8205,0,10,rician,none,42008331
8206,0,10,rician,none,42008332
8207,0,10,rician,none,42008333
8208,0,10,rician,none,42008334
8209,0,10,rician,none,42008335
8210,0,10,rician,none,42008336
8211,0,10,rician,none,42008337
8212,0,10,rician,none,42008338
8213,0,10,rician,none,42008339
8214,0,10,rician,none,42008340
8215,0,10,rician,none,42008341
8216,0,10,rician,none,42008342
8217,0,10,rician,none,42008343
8218,0,10,rician,none,42008344
8219,0,10,rician,none,42008345
8220,0,10,rician,none,42008346
8221,0,10,rician,none,42008347
8222,0,10,rician,none,42008348
8223,0,10,rician,none,42008349
8224,0,10,rician,none,42008350
8225,0,10,rician,none,42008351
8226,0,10,rician,none,42008352
8227,0,10,rician,none,42008353
8228,0,10,rician,none,42008354
8229,0,10,rician,none,42008355
8230,0,10,rician,none,42008356
8231,0,10,rician,none,42008357
8232,0,10,rician,none,42008358
8233,0,10,rician,none,42008359
8234,0,10,rician,none,42008360
8235,0,10,rician,none,42008361
8236,0,10,rician,none,42008362
8237,0,10,rician,none,42008363
8238,0,10,rician,none,42008364
8239,0,10,rician,none,42008365
8240,0,10,rician,none,42008366
8241,0,10,rician,none,42008367
8242,0,10,rician,none,42008368
8243,0,10,rician,none,42008369
8244,0,10,rician,none,42008370
8245,0,10,rician,none,42008371
8246,0,10,rician,none,42008372
8247,0,10,rician,none,42008373
8248,0,10,rician,none,42008374
8249,0,10,rician,none,42008375
8250,0,10,rician,none,42008376
8251,0,10,rician,none,42008377
8252,0,10,rician,none,42008378
8253,0,10,rician,none,42008379
8254,0,10,rician,none,42008380
8255,0,10,rician,none,42008381
8256,0,10,rician,none,42008382
8257,0,10,rician,none,42008383
8258,0,10,rician,none,42008384
8259,0,10,rician,none,42008385
8260,0,10,rician,none,42008386
8261,0,10,rician,none,42008387
8262,0,10,rician,none,42008388
8263,0,10,rician,none,42008389
8264,0,10,rician,none,42008390
8265,0,10,rician,none,42008391
8266,0,10,rician,none,42008392
8267,0,10,rician,none,42008393
8268,0,10,rician,none,42008394
8269,0,10,rician,none,42008395
8270,0,10,rician,none,42008396
8271,0,10,rician,none,42008397
8272,0,10,rician,none,42008398
8273,0,10,rician,none,42008399
8274,0,10,rician,none,42008400
8275,0,10,rician,none,42008401
8276,0,10,rician,none,42008402
8277,0,10,rician,none,42008403
8278,0,10,rician,none,42008404
8279,0,10,rician,none,42008405
8280,0,10,rician,none,42008406
8281,0,10,rician,none,42008407
8282,0,10,rician,none,42008408
8283,0,10,rician,none,42008409
8284,0,10,rician,none,42008410
8285,0,10,rician,none,42008411
8286,0,10,rician,none,42008412
8287,0,10,rician,none,42008413
8288,0,10,rician,none,42008414
8289,0,10,rician,none,42008415
8290,0,10,rician,none,42008416
8291,0,10,rician,none,42008417
8292,0,10,rician,none,42008418
8293,0,10,rician,none,42008419
8294,0,10,rician,none,42008420
8295,0,10,rician,none,42008421
8296,0,10,rician,none,42008422
8297,0,10,rician,none,42008423
8298,0,10,rician,none,42008424
8299,0,10,rician,none,42008425
8300,0,10,rician,none,42008426
8301,0,10,rician,none,42008427
8302,0,10,rician,none,42008428
8303,0,10,rician,none,42008429
8304,0,10,rician,none,42008430
8305,0,10,rician,none,42008431
8306,0,10,rician,none,42008432
8307,0,10,rician,none,42008433
8308,0,10,rician,none,42008434
8309,0,10,rician,none,42008435
8310,0,10,rician,none,42008436
8311,0,10,rician,none,42008437
8312,0,10,rician,none,42008438
8313,0,10,rician,none,42008439
8314,0,10,rician,none,42008440
8315,0,10,rician,none,42008441
8316,0,10,rician,none,42008442
8317,0,10,rician,none,42008443
8318,0,10,rician,none,42008444
8319,0,10,rician,none,42008445
8320,0,10,rician,none,42008446
8321,0,10,rician,none,42008447
8322,0,10,rician,none,42008448
8323,0,10,rician,none,42008449
8324,0,10,rician,none,42008450
8325,0,10,rician,none,42008451
8326,0,10,rician,none,42008452
8327,0,10,rician,none,42008453
8328,0,10,rician,none,42008454
8329,0,10,rician,none,42008455
8330,0,10,rician,none,42008456
8331,0,10,rician,none,42008457
8332,0,10,rician,none,42008458
8333,0,10,rician,none,42008459
8334,0,10,rician,none,42008460
8335,0,10,rician,none,42008461
8336,0,10,rician,none,42008462
8337,0,10,rician,none,42008463
8338,0,10,rician,none,42008464
8339,0,10,rician,none,42008465
8340,0,10,rician,none,42008466
8341,0,10,rician,none,42008467
8342,0,10,rician,none,42008468
8343,0,10,rician,none,42008469
8344,0,10,rician,none,42008470
8345,0,10,rician,none,42008471
8346,0,10,rician,none,42008472
8347,0,10,rician,none,42008473
8348,0,10,rician,none,42008474
8349,0,10,rician,none,42008475
8350,0,10,rician,none,42008476
8351,0,10,rician,none,42008477
8352,0,10,rician,none,42008478
8353,0,10,rician,none,42008479
8354,0,10,rician,none,42008480
8355,0,10,rician,none,42008481
8356,0,10,rician,none,42008482
8357,0,10,rician,none,42008483
8358,0,10,rician,none,42008484
8359,0,10,rician,none,42008485
8360,0,10,rician,none,42008486
8361,0,10,rician,none,42008487
8362,0,10,rician,none,42008488
8363,0,10,rician,none,42008489
8364,0,10,rician,none,42008490
8365,0,10,rician,none,42008491
8366,0,10,rician,none,42008492
8367,0,10,rician,none,42008493
8368,0,10,rician,none,42008494
8369,0,10,rician,none,42008495
8370,0,10,rician,none,42008496
8371,0,10,rician,none,42008497
8372,0,10,rician,none,42008498
8373,0,10,rician,none,42008499
8374,0,10,rician,none,42008500
8375,0,10,rician,none,42008501
8376,0,10,rician,none,42008502
8377,0,10,rician,none,42008503
8378,0,10,rician,none,42008504
8379,0,10,rician,none,42008505
8380,0,10,rician,none,42008506
8381,0,10,rician,none,42008507
8382,0,10,rician,none,42008508
8383,0,10,rician,none,42008509
8384,0,10,rician,none,42008510
8385,0,10,rician,none,42008511
8386,0,10,rician,none,42008512
8387,0,10,rician,none,42008513
8388,0,10,rician,none,42008514
8389,0,10,rician,none,42008515
8390,0,10,rician,none,42008516
8391,0,10,rician,none,42008517
8392,0,10,rician,none,42008518
8393,0,10,rician,none,42008519
8394,0,10,rician,none,42008520
8395,0,10,rician,none,42008521
8396,0,10,rician,none,42008522
8397,0,10,rician,none,42008523
8398,0,10,rician,none,42008524
8399,0,10,rician,none,42008525
